task_id,suite,scenario,algorithm,repeat,seed,scenario_parameters,avg_estimated_delay,avg_dynamic_operation_reliability,avg_dynamic_accuracy_reliability,avg_total_energy,rejected_or_failed_count,runtime_ms,pareto_point_count,pareto_point_count_mean,pareto_hypervolume,pareto_hypervolume_sum,pareto_hypervolume_std,pareto_postprocess_ms,pareto_hv_version
pareto:dnn_30:e32d64c2ec:proposed:repeat_0:seed_20260719,pareto,dnn_30,proposed,0,20260719,"{""alpha_a"": 0.5, ""alpha_l"": 0.7, ""alpha_r"": 0.8, ""beta_a"": 0.3, ""beta_l"": 0.4, ""beta_r"": 0.5, ""cloud_count"": 1, ""crossover_probability"": 0.5, ""dnn_count"": 30, ""edge_count"": 10, ""edge_link_factor"": 2.0, ""iteration_limit"": 200, ""lambda_g"": 0.7, ""lambda_h"": 0.7, ""mutation_probability"": 0.25, ""name"": ""dnn_30"", ""population_size"": 60, ""preference"": ""adaptive"", ""suite"": ""pareto"", ""use_dag_aware_initialization"": true, ""use_dag_block_crossover"": true, ""use_elite_local_search"": true, ""use_skew_mutation"": true, ""user_count"": null}",639.5567650623439,0.15814864071724596,0.8046405036724964,6509.991200833744,0,121259,1641.0,54.7,0.08116503847803207,2.434951154340962,0.051044573081323576,8685.68312501884,4d_v1
pareto:dnn_30:e32d64c2ec:customized:repeat_0:seed_20260719,pareto,dnn_30,customized,0,20260719,"{""alpha_a"": 0.5, ""alpha_l"": 0.7, ""alpha_r"": 0.8, ""beta_a"": 0.3, ""beta_l"": 0.4, ""beta_r"": 0.5, ""cloud_count"": 1, ""crossover_probability"": 0.5, ""dnn_count"": 30, ""edge_count"": 10, ""edge_link_factor"": 2.0, ""iteration_limit"": 200, ""lambda_g"": 0.7, ""lambda_h"": 0.7, ""mutation_probability"": 0.25, ""name"": ""dnn_30"", ""population_size"": 60, ""preference"": ""adaptive"", ""suite"": ""pareto"", ""use_dag_aware_initialization"": true, ""use_dag_block_crossover"": true, ""use_elite_local_search"": true, ""use_skew_mutation"": true, ""user_count"": null}",585.4710452733435,0.15857681364205076,0.7878773193626643,6190.967304063439,0,92253,1761.0,58.7,0.08189264598685851,2.456779379605755,0.05919518328692362,2150.631708005676,4d_v1
pareto:dnn_30:e32d64c2ec:random:repeat_0:seed_20260719,pareto,dnn_30,random,0,20260719,"{""alpha_a"": 0.5, ""alpha_l"": 0.7, ""alpha_r"": 0.8, ""beta_a"": 0.3, ""beta_l"": 0.4, ""beta_r"": 0.5, ""cloud_count"": 1, ""crossover_probability"": 0.5, ""dnn_count"": 30, ""edge_count"": 10, ""edge_link_factor"": 2.0, ""iteration_limit"": 200, ""lambda_g"": 0.7, ""lambda_h"": 0.7, ""mutation_probability"": 0.25, ""name"": ""dnn_30"", ""population_size"": 60, ""preference"": ""adaptive"", ""suite"": ""pareto"", ""use_dag_aware_initialization"": true, ""use_dag_block_crossover"": true, ""use_elite_local_search"": true, ""use_skew_mutation"": true, ""user_count"": null}",803.3121356934108,0.002492313922607478,0.6649199128123785,12274.17075439873,3,1508,578.0,21.40740740740741,0.0014324044463684316,0.03867492005194765,0.006357059668208461,4447.247666976182,4d_v1
pareto:dnn_30:e32d64c2ec:sa:repeat_0:seed_20260719,pareto,dnn_30,sa,0,20260719,"{""alpha_a"": 0.5, ""alpha_l"": 0.7, ""alpha_r"": 0.8, ""beta_a"": 0.3, ""beta_l"": 0.4, ""beta_r"": 0.5, ""cloud_count"": 1, ""crossover_probability"": 0.5, ""dnn_count"": 30, ""edge_count"": 10, ""edge_link_factor"": 2.0, ""iteration_limit"": 200, ""lambda_g"": 0.7, ""lambda_h"": 0.7, ""mutation_probability"": 0.25, ""name"": ""dnn_30"", ""population_size"": 60, ""preference"": ""adaptive"", ""suite"": ""pareto"", ""use_dag_aware_initialization"": true, ""use_dag_block_crossover"": true, ""use_elite_local_search"": true, ""use_skew_mutation"": true, ""user_count"": null}",803.8518527596577,0.10488894891696411,0.8489002699193551,8566.475243494006,1,25103,1829.0,63.06896551724138,0.03676623313988174,1.0662207610565704,0.050116813537889736,5221.748834010214,4d_v1
pareto:dnn_30:e32d64c2ec:proposed:repeat_1:seed_20260720,pareto,dnn_30,proposed,1,20260720,"{""alpha_a"": 0.5, ""alpha_l"": 0.7, ""alpha_r"": 0.8, ""beta_a"": 0.3, ""beta_l"": 0.4, ""beta_r"": 0.5, ""cloud_count"": 1, ""crossover_probability"": 0.5, ""dnn_count"": 30, ""edge_count"": 10, ""edge_link_factor"": 2.0, ""iteration_limit"": 200, ""lambda_g"": 0.7, ""lambda_h"": 0.7, ""mutation_probability"": 0.25, ""name"": ""dnn_30"", ""population_size"": 60, ""preference"": ""adaptive"", ""suite"": ""pareto"", ""use_dag_aware_initialization"": true, ""use_dag_block_crossover"": true, ""use_elite_local_search"": true, ""use_skew_mutation"": true, ""user_count"": null}",580.4621289374228,0.12451532367678857,0.732497048888055,6953.3206670992995,0,103887,1696.0,56.53333333333333,0.06724821718511913,2.0174465155535737,0.052407380269028435,5212.561457999982,4d_v1
pareto:dnn_30:e32d64c2ec:customized:repeat_1:seed_20260720,pareto,dnn_30,customized,1,20260720,"{""alpha_a"": 0.5, ""alpha_l"": 0.7, ""alpha_r"": 0.8, ""beta_a"": 0.3, ""beta_l"": 0.4, ""beta_r"": 0.5, ""cloud_count"": 1, ""crossover_probability"": 0.5, ""dnn_count"": 30, ""edge_count"": 10, ""edge_link_factor"": 2.0, ""iteration_limit"": 200, ""lambda_g"": 0.7, ""lambda_h"": 0.7, ""mutation_probability"": 0.25, ""name"": ""dnn_30"", ""population_size"": 60, ""preference"": ""adaptive"", ""suite"": ""pareto"", ""use_dag_aware_initialization"": true, ""use_dag_block_crossover"": true, ""use_elite_local_search"": true, ""use_skew_mutation"": true, ""user_count"": null}",522.7589904653419,0.16604198156803507,0.7318534940702449,6009.072345394557,0,95416,1800.0,60.0,0.08884295828729866,2.6652887486189605,0.049785754749987615,1975.412250001682,4d_v1
pareto:dnn_30:e32d64c2ec:random:repeat_1:seed_20260720,pareto,dnn_30,random,1,20260720,"{""alpha_a"": 0.5, ""alpha_l"": 0.7, ""alpha_r"": 0.8, ""beta_a"": 0.3, ""beta_l"": 0.4, ""beta_r"": 0.5, ""cloud_count"": 1, ""crossover_probability"": 0.5, ""dnn_count"": 30, ""edge_count"": 10, ""edge_link_factor"": 2.0, ""iteration_limit"": 200, ""lambda_g"": 0.7, ""lambda_h"": 0.7, ""mutation_probability"": 0.25, ""name"": ""dnn_30"", ""population_size"": 60, ""preference"": ""adaptive"", ""suite"": ""pareto"", ""use_dag_aware_initialization"": true, ""use_dag_block_crossover"": true, ""use_elite_local_search"": true, ""use_skew_mutation"": true, ""user_count"": null}",748.1436119222918,0.009348810108976487,0.648986698664946,12568.354406850181,1,1435,493.0,17.0,0.0031363138994261377,0.09095310308335805,0.01331012162739673,9606.768083991483,4d_v1
pareto:dnn_30:e32d64c2ec:sa:repeat_1:seed_20260720,pareto,dnn_30,sa,1,20260720,"{""alpha_a"": 0.5, ""alpha_l"": 0.7, ""alpha_r"": 0.8, ""beta_a"": 0.3, ""beta_l"": 0.4, ""beta_r"": 0.5, ""cloud_count"": 1, ""crossover_probability"": 0.5, ""dnn_count"": 30, ""edge_count"": 10, ""edge_link_factor"": 2.0, ""iteration_limit"": 200, ""lambda_g"": 0.7, ""lambda_h"": 0.7, ""mutation_probability"": 0.25, ""name"": ""dnn_30"", ""population_size"": 60, ""preference"": ""adaptive"", ""suite"": ""pareto"", ""use_dag_aware_initialization"": true, ""use_dag_block_crossover"": true, ""use_elite_local_search"": true, ""use_skew_mutation"": true, ""user_count"": null}",741.7702443521895,0.07083954058110832,0.7549223119547175,9921.428025813422,0,26454,2123.0,70.76666666666667,0.023267362068286647,0.6980208620485993,0.04535226692384948,6158.935416984605,4d_v1
pareto:dnn_30:e32d64c2ec:proposed:repeat_2:seed_20260721,pareto,dnn_30,proposed,2,20260721,"{""alpha_a"": 0.5, ""alpha_l"": 0.7, ""alpha_r"": 0.8, ""beta_a"": 0.3, ""beta_l"": 0.4, ""beta_r"": 0.5, ""cloud_count"": 1, ""crossover_probability"": 0.5, ""dnn_count"": 30, ""edge_count"": 10, ""edge_link_factor"": 2.0, ""iteration_limit"": 200, ""lambda_g"": 0.7, ""lambda_h"": 0.7, ""mutation_probability"": 0.25, ""name"": ""dnn_30"", ""population_size"": 60, ""preference"": ""adaptive"", ""suite"": ""pareto"", ""use_dag_aware_initialization"": true, ""use_dag_block_crossover"": true, ""use_elite_local_search"": true, ""use_skew_mutation"": true, ""user_count"": null}",521.5885571657176,0.14091456811806877,0.751098980092989,6459.843253238387,0,107759,1697.0,56.56666666666667,0.06888081296852175,2.066424389055653,0.060386306795555386,1977.8923749981914,4d_v1
pareto:dnn_30:e32d64c2ec:customized:repeat_2:seed_20260721,pareto,dnn_30,customized,2,20260721,"{""alpha_a"": 0.5, ""alpha_l"": 0.7, ""alpha_r"": 0.8, ""beta_a"": 0.3, ""beta_l"": 0.4, ""beta_r"": 0.5, ""cloud_count"": 1, ""crossover_probability"": 0.5, ""dnn_count"": 30, ""edge_count"": 10, ""edge_link_factor"": 2.0, ""iteration_limit"": 200, ""lambda_g"": 0.7, ""lambda_h"": 0.7, ""mutation_probability"": 0.25, ""name"": ""dnn_30"", ""population_size"": 60, ""preference"": ""adaptive"", ""suite"": ""pareto"", ""use_dag_aware_initialization"": true, ""use_dag_block_crossover"": true, ""use_elite_local_search"": true, ""use_skew_mutation"": true, ""user_count"": null}",445.9688944377268,0.1728194490626768,0.7234918223896156,5935.4969996490645,0,94382,1800.0,60.0,0.09037008697165826,2.7111026091497483,0.0670428624868621,2032.6567080046516,4d_v1
pareto:dnn_30:e32d64c2ec:random:repeat_2:seed_20260721,pareto,dnn_30,random,2,20260721,"{""alpha_a"": 0.5, ""alpha_l"": 0.7, ""alpha_r"": 0.8, ""beta_a"": 0.3, ""beta_l"": 0.4, ""beta_r"": 0.5, ""cloud_count"": 1, ""crossover_probability"": 0.5, ""dnn_count"": 30, ""edge_count"": 10, ""edge_link_factor"": 2.0, ""iteration_limit"": 200, ""lambda_g"": 0.7, ""lambda_h"": 0.7, ""mutation_probability"": 0.25, ""name"": ""dnn_30"", ""population_size"": 60, ""preference"": ""adaptive"", ""suite"": ""pareto"", ""use_dag_aware_initialization"": true, ""use_dag_block_crossover"": true, ""use_elite_local_search"": true, ""use_skew_mutation"": true, ""user_count"": null}",745.5062505570148,0.002697741062453433,0.683170705960073,12339.727869350516,5,1466,374.0,14.96,0.0016645969525470726,0.041614923813676825,0.006639195251335863,5023.2470000046305,4d_v1
pareto:dnn_30:e32d64c2ec:sa:repeat_2:seed_20260721,pareto,dnn_30,sa,2,20260721,"{""alpha_a"": 0.5, ""alpha_l"": 0.7, ""alpha_r"": 0.8, ""beta_a"": 0.3, ""beta_l"": 0.4, ""beta_r"": 0.5, ""cloud_count"": 1, ""crossover_probability"": 0.5, ""dnn_count"": 30, ""edge_count"": 10, ""edge_link_factor"": 2.0, ""iteration_limit"": 200, ""lambda_g"": 0.7, ""lambda_h"": 0.7, ""mutation_probability"": 0.25, ""name"": ""dnn_30"", ""population_size"": 60, ""preference"": ""adaptive"", ""suite"": ""pareto"", ""use_dag_aware_initialization"": true, ""use_dag_block_crossover"": true, ""use_elite_local_search"": true, ""use_skew_mutation"": true, ""user_count"": null}",761.3388396356949,0.034362272193847604,0.8012206979136762,9887.16074573044,2,24522,1705.0,60.892857142857146,0.013689484496849754,0.38330556591179304,0.041950373676100765,11596.838375000516,4d_v1
pareto:dnn_30:e32d64c2ec:proposed:repeat_3:seed_20260722,pareto,dnn_30,proposed,3,20260722,"{""alpha_a"": 0.5, ""alpha_l"": 0.7, ""alpha_r"": 0.8, ""beta_a"": 0.3, ""beta_l"": 0.4, ""beta_r"": 0.5, ""cloud_count"": 1, ""crossover_probability"": 0.5, ""dnn_count"": 30, ""edge_count"": 10, ""edge_link_factor"": 2.0, ""iteration_limit"": 200, ""lambda_g"": 0.7, ""lambda_h"": 0.7, ""mutation_probability"": 0.25, ""name"": ""dnn_30"", ""population_size"": 60, ""preference"": ""adaptive"", ""suite"": ""pareto"", ""use_dag_aware_initialization"": true, ""use_dag_block_crossover"": true, ""use_elite_local_search"": true, ""use_skew_mutation"": true, ""user_count"": null}",637.1146056158907,0.12286598883196918,0.7722564911104708,7203.228594389985,0,116118,1676.0,55.86666666666667,0.06067715798317564,1.8203147394952692,0.059738806854615946,10949.919624981703,4d_v1
pareto:dnn_30:e32d64c2ec:customized:repeat_3:seed_20260722,pareto,dnn_30,customized,3,20260722,"{""alpha_a"": 0.5, ""alpha_l"": 0.7, ""alpha_r"": 0.8, ""beta_a"": 0.3, ""beta_l"": 0.4, ""beta_r"": 0.5, ""cloud_count"": 1, ""crossover_probability"": 0.5, ""dnn_count"": 30, ""edge_count"": 10, ""edge_link_factor"": 2.0, ""iteration_limit"": 200, ""lambda_g"": 0.7, ""lambda_h"": 0.7, ""mutation_probability"": 0.25, ""name"": ""dnn_30"", ""population_size"": 60, ""preference"": ""adaptive"", ""suite"": ""pareto"", ""use_dag_aware_initialization"": true, ""use_dag_block_crossover"": true, ""use_elite_local_search"": true, ""use_skew_mutation"": true, ""user_count"": null}",536.8969773769408,0.18274193269632025,0.7628585905960675,6177.639224393977,0,95140,1800.0,60.0,0.09013424843090737,2.7040274529272206,0.0628709632407715,2023.1202080030926,4d_v1
pareto:dnn_30:e32d64c2ec:random:repeat_3:seed_20260722,pareto,dnn_30,random,3,20260722,"{""alpha_a"": 0.5, ""alpha_l"": 0.7, ""alpha_r"": 0.8, ""beta_a"": 0.3, ""beta_l"": 0.4, ""beta_r"": 0.5, ""cloud_count"": 1, ""crossover_probability"": 0.5, ""dnn_count"": 30, ""edge_count"": 10, ""edge_link_factor"": 2.0, ""iteration_limit"": 200, ""lambda_g"": 0.7, ""lambda_h"": 0.7, ""mutation_probability"": 0.25, ""name"": ""dnn_30"", ""population_size"": 60, ""preference"": ""adaptive"", ""suite"": ""pareto"", ""use_dag_aware_initialization"": true, ""use_dag_block_crossover"": true, ""use_elite_local_search"": true, ""use_skew_mutation"": true, ""user_count"": null}",825.782209220035,0.0010501820024737677,0.6875626642136473,13399.376499813701,5,1471,557.0,22.28,0.0008360039304091001,0.02090009826022751,0.0018981707505117801,8311.315250000916,4d_v1
pareto:dnn_30:e32d64c2ec:sa:repeat_3:seed_20260722,pareto,dnn_30,sa,3,20260722,"{""alpha_a"": 0.5, ""alpha_l"": 0.7, ""alpha_r"": 0.8, ""beta_a"": 0.3, ""beta_l"": 0.4, ""beta_r"": 0.5, ""cloud_count"": 1, ""crossover_probability"": 0.5, ""dnn_count"": 30, ""edge_count"": 10, ""edge_link_factor"": 2.0, ""iteration_limit"": 200, ""lambda_g"": 0.7, ""lambda_h"": 0.7, ""mutation_probability"": 0.25, ""name"": ""dnn_30"", ""population_size"": 60, ""preference"": ""adaptive"", ""suite"": ""pareto"", ""use_dag_aware_initialization"": true, ""use_dag_block_crossover"": true, ""use_elite_local_search"": true, ""use_skew_mutation"": true, ""user_count"": null}",819.4155953345754,0.1621522457723146,0.8638262141681906,8114.299698219437,2,25266,1744.0,62.285714285714285,0.06882499105448826,1.9270997495256714,0.07685035731534326,5735.976541007403,4d_v1
pareto:dnn_30:e32d64c2ec:proposed:repeat_4:seed_20260723,pareto,dnn_30,proposed,4,20260723,"{""alpha_a"": 0.5, ""alpha_l"": 0.7, ""alpha_r"": 0.8, ""beta_a"": 0.3, ""beta_l"": 0.4, ""beta_r"": 0.5, ""cloud_count"": 1, ""crossover_probability"": 0.5, ""dnn_count"": 30, ""edge_count"": 10, ""edge_link_factor"": 2.0, ""iteration_limit"": 200, ""lambda_g"": 0.7, ""lambda_h"": 0.7, ""mutation_probability"": 0.25, ""name"": ""dnn_30"", ""population_size"": 60, ""preference"": ""adaptive"", ""suite"": ""pareto"", ""use_dag_aware_initialization"": true, ""use_dag_block_crossover"": true, ""use_elite_local_search"": true, ""use_skew_mutation"": true, ""user_count"": null}",729.0299171032406,0.19202159870092278,0.8496863512457236,6254.121768333705,0,124971,1680.0,56.0,0.08716618896868199,2.6149856690604603,0.06942584220373091,6356.273916986538,4d_v1
pareto:dnn_30:e32d64c2ec:customized:repeat_4:seed_20260723,pareto,dnn_30,customized,4,20260723,"{""alpha_a"": 0.5, ""alpha_l"": 0.7, ""alpha_r"": 0.8, ""beta_a"": 0.3, ""beta_l"": 0.4, ""beta_r"": 0.5, ""cloud_count"": 1, ""crossover_probability"": 0.5, ""dnn_count"": 30, ""edge_count"": 10, ""edge_link_factor"": 2.0, ""iteration_limit"": 200, ""lambda_g"": 0.7, ""lambda_h"": 0.7, ""mutation_probability"": 0.25, ""name"": ""dnn_30"", ""population_size"": 60, ""preference"": ""adaptive"", ""suite"": ""pareto"", ""use_dag_aware_initialization"": true, ""use_dag_block_crossover"": true, ""use_elite_local_search"": true, ""use_skew_mutation"": true, ""user_count"": null}",529.5676812470248,0.18880957562658648,0.7895080981371547,5726.371158759943,0,92789,1800.0,60.0,0.09833217966492364,2.9499653899477085,0.06136785312479369,1941.5265840070788,4d_v1
pareto:dnn_30:e32d64c2ec:random:repeat_4:seed_20260723,pareto,dnn_30,random,4,20260723,"{""alpha_a"": 0.5, ""alpha_l"": 0.7, ""alpha_r"": 0.8, ""beta_a"": 0.3, ""beta_l"": 0.4, ""beta_r"": 0.5, ""cloud_count"": 1, ""crossover_probability"": 0.5, ""dnn_count"": 30, ""edge_count"": 10, ""edge_link_factor"": 2.0, ""iteration_limit"": 200, ""lambda_g"": 0.7, ""lambda_h"": 0.7, ""mutation_probability"": 0.25, ""name"": ""dnn_30"", ""population_size"": 60, ""preference"": ""adaptive"", ""suite"": ""pareto"", ""use_dag_aware_initialization"": true, ""use_dag_block_crossover"": true, ""use_elite_local_search"": true, ""use_skew_mutation"": true, ""user_count"": null}",846.8544695955375,0.003782100818553741,0.6665481579842513,12720.003855953502,3,1488,552.0,20.444444444444443,0.0019682030419043988,0.05314148213141876,0.0060589101833897095,7189.922041987302,4d_v1
pareto:dnn_30:e32d64c2ec:sa:repeat_4:seed_20260723,pareto,dnn_30,sa,4,20260723,"{""alpha_a"": 0.5, ""alpha_l"": 0.7, ""alpha_r"": 0.8, ""beta_a"": 0.3, ""beta_l"": 0.4, ""beta_r"": 0.5, ""cloud_count"": 1, ""crossover_probability"": 0.5, ""dnn_count"": 30, ""edge_count"": 10, ""edge_link_factor"": 2.0, ""iteration_limit"": 200, ""lambda_g"": 0.7, ""lambda_h"": 0.7, ""mutation_probability"": 0.25, ""name"": ""dnn_30"", ""population_size"": 60, ""preference"": ""adaptive"", ""suite"": ""pareto"", ""use_dag_aware_initialization"": true, ""use_dag_block_crossover"": true, ""use_elite_local_search"": true, ""use_skew_mutation"": true, ""user_count"": null}",824.4214552942985,0.16254843324646512,0.8744804088958871,7690.903280225111,1,24361,1679.0,57.89655172413793,0.05584431684409573,1.6194851884787764,0.06730268542586094,3780.780250002863,4d_v1
pareto:dnn_30:e32d64c2ec:proposed:repeat_5:seed_20260724,pareto,dnn_30,proposed,5,20260724,"{""alpha_a"": 0.5, ""alpha_l"": 0.7, ""alpha_r"": 0.8, ""beta_a"": 0.3, ""beta_l"": 0.4, ""beta_r"": 0.5, ""cloud_count"": 1, ""crossover_probability"": 0.5, ""dnn_count"": 30, ""edge_count"": 10, ""edge_link_factor"": 2.0, ""iteration_limit"": 200, ""lambda_g"": 0.7, ""lambda_h"": 0.7, ""mutation_probability"": 0.25, ""name"": ""dnn_30"", ""population_size"": 60, ""preference"": ""adaptive"", ""suite"": ""pareto"", ""use_dag_aware_initialization"": true, ""use_dag_block_crossover"": true, ""use_elite_local_search"": true, ""use_skew_mutation"": true, ""user_count"": null}",676.4498621265526,0.1524650974149546,0.7960616778195043,6266.054222522705,0,98837,1705.0,56.833333333333336,0.07943805438432287,2.3831416315296856,0.05920189854537803,4512.034291983582,4d_v1
pareto:dnn_30:e32d64c2ec:customized:repeat_5:seed_20260724,pareto,dnn_30,customized,5,20260724,"{""alpha_a"": 0.5, ""alpha_l"": 0.7, ""alpha_r"": 0.8, ""beta_a"": 0.3, ""beta_l"": 0.4, ""beta_r"": 0.5, ""cloud_count"": 1, ""crossover_probability"": 0.5, ""dnn_count"": 30, ""edge_count"": 10, ""edge_link_factor"": 2.0, ""iteration_limit"": 200, ""lambda_g"": 0.7, ""lambda_h"": 0.7, ""mutation_probability"": 0.25, ""name"": ""dnn_30"", ""population_size"": 60, ""preference"": ""adaptive"", ""suite"": ""pareto"", ""use_dag_aware_initialization"": true, ""use_dag_block_crossover"": true, ""use_elite_local_search"": true, ""use_skew_mutation"": true, ""user_count"": null}",582.2015475451358,0.17895077931781325,0.7706259957182205,5614.629438133489,1,92905,1740.0,60.0,0.10207777267796526,2.960255407660993,0.05574663559475559,1786.3420840003528,4d_v1
pareto:dnn_30:e32d64c2ec:random:repeat_5:seed_20260724,pareto,dnn_30,random,5,20260724,"{""alpha_a"": 0.5, ""alpha_l"": 0.7, ""alpha_r"": 0.8, ""beta_a"": 0.3, ""beta_l"": 0.4, ""beta_r"": 0.5, ""cloud_count"": 1, ""crossover_probability"": 0.5, ""dnn_count"": 30, ""edge_count"": 10, ""edge_link_factor"": 2.0, ""iteration_limit"": 200, ""lambda_g"": 0.7, ""lambda_h"": 0.7, ""mutation_probability"": 0.25, ""name"": ""dnn_30"", ""population_size"": 60, ""preference"": ""adaptive"", ""suite"": ""pareto"", ""use_dag_aware_initialization"": true, ""use_dag_block_crossover"": true, ""use_elite_local_search"": true, ""use_skew_mutation"": true, ""user_count"": null}",769.3671286656885,0.004896249870532055,0.6853556752216956,11649.812766285195,1,1412,471.0,16.24137931034483,0.0009715870918550391,0.02817602566379613,0.0026220230264857665,6758.122333994834,4d_v1
pareto:dnn_30:e32d64c2ec:sa:repeat_5:seed_20260724,pareto,dnn_30,sa,5,20260724,"{""alpha_a"": 0.5, ""alpha_l"": 0.7, ""alpha_r"": 0.8, ""beta_a"": 0.3, ""beta_l"": 0.4, ""beta_r"": 0.5, ""cloud_count"": 1, ""crossover_probability"": 0.5, ""dnn_count"": 30, ""edge_count"": 10, ""edge_link_factor"": 2.0, ""iteration_limit"": 200, ""lambda_g"": 0.7, ""lambda_h"": 0.7, ""mutation_probability"": 0.25, ""name"": ""dnn_30"", ""population_size"": 60, ""preference"": ""adaptive"", ""suite"": ""pareto"", ""use_dag_aware_initialization"": true, ""use_dag_block_crossover"": true, ""use_elite_local_search"": true, ""use_skew_mutation"": true, ""user_count"": null}",785.9385778499307,0.06841668431033783,0.7747689005145559,9366.282006515392,1,24628,1983.0,68.37931034482759,0.02301365264433297,0.6673959266856564,0.03722116183828326,6612.820666981861,4d_v1
pareto:dnn_30:e32d64c2ec:proposed:repeat_6:seed_20260725,pareto,dnn_30,proposed,6,20260725,"{""alpha_a"": 0.5, ""alpha_l"": 0.7, ""alpha_r"": 0.8, ""beta_a"": 0.3, ""beta_l"": 0.4, ""beta_r"": 0.5, ""cloud_count"": 1, ""crossover_probability"": 0.5, ""dnn_count"": 30, ""edge_count"": 10, ""edge_link_factor"": 2.0, ""iteration_limit"": 200, ""lambda_g"": 0.7, ""lambda_h"": 0.7, ""mutation_probability"": 0.25, ""name"": ""dnn_30"", ""population_size"": 60, ""preference"": ""adaptive"", ""suite"": ""pareto"", ""use_dag_aware_initialization"": true, ""use_dag_block_crossover"": true, ""use_elite_local_search"": true, ""use_skew_mutation"": true, ""user_count"": null}",692.8319780495277,0.14764748705001915,0.8190873238104868,7018.120011514207,0,147437,1747.0,58.233333333333334,0.07931605516443634,2.3794816549330906,0.06730329823327152,2171.698459016625,4d_v1
pareto:dnn_30:e32d64c2ec:customized:repeat_6:seed_20260725,pareto,dnn_30,customized,6,20260725,"{""alpha_a"": 0.5, ""alpha_l"": 0.7, ""alpha_r"": 0.8, ""beta_a"": 0.3, ""beta_l"": 0.4, ""beta_r"": 0.5, ""cloud_count"": 1, ""crossover_probability"": 0.5, ""dnn_count"": 30, ""edge_count"": 10, ""edge_link_factor"": 2.0, ""iteration_limit"": 200, ""lambda_g"": 0.7, ""lambda_h"": 0.7, ""mutation_probability"": 0.25, ""name"": ""dnn_30"", ""population_size"": 60, ""preference"": ""adaptive"", ""suite"": ""pareto"", ""use_dag_aware_initialization"": true, ""use_dag_block_crossover"": true, ""use_elite_local_search"": true, ""use_skew_mutation"": true, ""user_count"": null}",552.3098214932498,0.16022686552417773,0.7702801621992276,6472.67318092196,0,95374,1800.0,60.0,0.09159873697140791,2.747962109142238,0.05570925434599573,1939.1695829981472,4d_v1
pareto:dnn_30:e32d64c2ec:random:repeat_6:seed_20260725,pareto,dnn_30,random,6,20260725,"{""alpha_a"": 0.5, ""alpha_l"": 0.7, ""alpha_r"": 0.8, ""beta_a"": 0.3, ""beta_l"": 0.4, ""beta_r"": 0.5, ""cloud_count"": 1, ""crossover_probability"": 0.5, ""dnn_count"": 30, ""edge_count"": 10, ""edge_link_factor"": 2.0, ""iteration_limit"": 200, ""lambda_g"": 0.7, ""lambda_h"": 0.7, ""mutation_probability"": 0.25, ""name"": ""dnn_30"", ""population_size"": 60, ""preference"": ""adaptive"", ""suite"": ""pareto"", ""use_dag_aware_initialization"": true, ""use_dag_block_crossover"": true, ""use_elite_local_search"": true, ""use_skew_mutation"": true, ""user_count"": null}",783.9660122413104,0.0030013921941194235,0.6647333245992159,12439.745124375759,2,1613,531.0,18.964285714285715,0.001382097575806199,0.038698732122573576,0.006012044326136844,10024.320166005054,4d_v1
pareto:dnn_30:e32d64c2ec:sa:repeat_6:seed_20260725,pareto,dnn_30,sa,6,20260725,"{""alpha_a"": 0.5, ""alpha_l"": 0.7, ""alpha_r"": 0.8, ""beta_a"": 0.3, ""beta_l"": 0.4, ""beta_r"": 0.5, ""cloud_count"": 1, ""crossover_probability"": 0.5, ""dnn_count"": 30, ""edge_count"": 10, ""edge_link_factor"": 2.0, ""iteration_limit"": 200, ""lambda_g"": 0.7, ""lambda_h"": 0.7, ""mutation_probability"": 0.25, ""name"": ""dnn_30"", ""population_size"": 60, ""preference"": ""adaptive"", ""suite"": ""pareto"", ""use_dag_aware_initialization"": true, ""use_dag_block_crossover"": true, ""use_elite_local_search"": true, ""use_skew_mutation"": true, ""user_count"": null}",881.4526834120286,0.09598299802351237,0.8527524352352093,9050.883655642787,2,26796,1779.0,63.535714285714285,0.02731995945152423,0.7649588646426784,0.0455609261631674,5181.61883301218,4d_v1
pareto:dnn_30:e32d64c2ec:proposed:repeat_7:seed_20260726,pareto,dnn_30,proposed,7,20260726,"{""alpha_a"": 0.5, ""alpha_l"": 0.7, ""alpha_r"": 0.8, ""beta_a"": 0.3, ""beta_l"": 0.4, ""beta_r"": 0.5, ""cloud_count"": 1, ""crossover_probability"": 0.5, ""dnn_count"": 30, ""edge_count"": 10, ""edge_link_factor"": 2.0, ""iteration_limit"": 200, ""lambda_g"": 0.7, ""lambda_h"": 0.7, ""mutation_probability"": 0.25, ""name"": ""dnn_30"", ""population_size"": 60, ""preference"": ""adaptive"", ""suite"": ""pareto"", ""use_dag_aware_initialization"": true, ""use_dag_block_crossover"": true, ""use_elite_local_search"": true, ""use_skew_mutation"": true, ""user_count"": null}",577.2936283161274,0.10719918319699955,0.7534776261398863,7050.251885674703,1,149363,1635.0,56.37931034482759,0.05399462798389791,1.5658442115330395,0.05214283296921069,7260.9823329839855,4d_v1
pareto:dnn_30:e32d64c2ec:customized:repeat_7:seed_20260726,pareto,dnn_30,customized,7,20260726,"{""alpha_a"": 0.5, ""alpha_l"": 0.7, ""alpha_r"": 0.8, ""beta_a"": 0.3, ""beta_l"": 0.4, ""beta_r"": 0.5, ""cloud_count"": 1, ""crossover_probability"": 0.5, ""dnn_count"": 30, ""edge_count"": 10, ""edge_link_factor"": 2.0, ""iteration_limit"": 200, ""lambda_g"": 0.7, ""lambda_h"": 0.7, ""mutation_probability"": 0.25, ""name"": ""dnn_30"", ""population_size"": 60, ""preference"": ""adaptive"", ""suite"": ""pareto"", ""use_dag_aware_initialization"": true, ""use_dag_block_crossover"": true, ""use_elite_local_search"": true, ""use_skew_mutation"": true, ""user_count"": null}",506.03273578912007,0.1465138494634397,0.7162725759419708,6549.8736257273395,1,97486,1740.0,60.0,0.0763137889114594,2.213099878432323,0.05944110279507869,2137.735874974169,4d_v1
pareto:dnn_30:e32d64c2ec:random:repeat_7:seed_20260726,pareto,dnn_30,random,7,20260726,"{""alpha_a"": 0.5, ""alpha_l"": 0.7, ""alpha_r"": 0.8, ""beta_a"": 0.3, ""beta_l"": 0.4, ""beta_r"": 0.5, ""cloud_count"": 1, ""crossover_probability"": 0.5, ""dnn_count"": 30, ""edge_count"": 10, ""edge_link_factor"": 2.0, ""iteration_limit"": 200, ""lambda_g"": 0.7, ""lambda_h"": 0.7, ""mutation_probability"": 0.25, ""name"": ""dnn_30"", ""population_size"": 60, ""preference"": ""adaptive"", ""suite"": ""pareto"", ""use_dag_aware_initialization"": true, ""use_dag_block_crossover"": true, ""use_elite_local_search"": true, ""use_skew_mutation"": true, ""user_count"": null}",702.2680505484415,0.0021701287804051558,0.6610780185292858,13416.712635997004,4,1530,430.0,16.53846153846154,0.001047948748738157,0.027246667467192075,0.0030099812048468926,5837.868083996,4d_v1
pareto:dnn_30:e32d64c2ec:sa:repeat_7:seed_20260726,pareto,dnn_30,sa,7,20260726,"{""alpha_a"": 0.5, ""alpha_l"": 0.7, ""alpha_r"": 0.8, ""beta_a"": 0.3, ""beta_l"": 0.4, ""beta_r"": 0.5, ""cloud_count"": 1, ""crossover_probability"": 0.5, ""dnn_count"": 30, ""edge_count"": 10, ""edge_link_factor"": 2.0, ""iteration_limit"": 200, ""lambda_g"": 0.7, ""lambda_h"": 0.7, ""mutation_probability"": 0.25, ""name"": ""dnn_30"", ""population_size"": 60, ""preference"": ""adaptive"", ""suite"": ""pareto"", ""use_dag_aware_initialization"": true, ""use_dag_block_crossover"": true, ""use_elite_local_search"": true, ""use_skew_mutation"": true, ""user_count"": null}",685.9934938229059,0.04925127749626284,0.7531603476397289,10231.316051115291,4,26953,1902.0,73.15384615384616,0.018933816373810357,0.4922792257190692,0.038728378317993264,4540.591708006104,4d_v1
pareto:dnn_30:e32d64c2ec:proposed:repeat_8:seed_20260727,pareto,dnn_30,proposed,8,20260727,"{""alpha_a"": 0.5, ""alpha_l"": 0.7, ""alpha_r"": 0.8, ""beta_a"": 0.3, ""beta_l"": 0.4, ""beta_r"": 0.5, ""cloud_count"": 1, ""crossover_probability"": 0.5, ""dnn_count"": 30, ""edge_count"": 10, ""edge_link_factor"": 2.0, ""iteration_limit"": 200, ""lambda_g"": 0.7, ""lambda_h"": 0.7, ""mutation_probability"": 0.25, ""name"": ""dnn_30"", ""population_size"": 60, ""preference"": ""adaptive"", ""suite"": ""pareto"", ""use_dag_aware_initialization"": true, ""use_dag_block_crossover"": true, ""use_elite_local_search"": true, ""use_skew_mutation"": true, ""user_count"": null}",736.9096723769894,0.10968730690277574,0.7973088772029373,7517.292447945766,0,133583,1688.0,56.266666666666666,0.056969073644736315,1.7090722093420891,0.06372325148331821,3121.1129580042325,4d_v1
pareto:dnn_30:e32d64c2ec:customized:repeat_8:seed_20260727,pareto,dnn_30,customized,8,20260727,"{""alpha_a"": 0.5, ""alpha_l"": 0.7, ""alpha_r"": 0.8, ""beta_a"": 0.3, ""beta_l"": 0.4, ""beta_r"": 0.5, ""cloud_count"": 1, ""crossover_probability"": 0.5, ""dnn_count"": 30, ""edge_count"": 10, ""edge_link_factor"": 2.0, ""iteration_limit"": 200, ""lambda_g"": 0.7, ""lambda_h"": 0.7, ""mutation_probability"": 0.25, ""name"": ""dnn_30"", ""population_size"": 60, ""preference"": ""adaptive"", ""suite"": ""pareto"", ""use_dag_aware_initialization"": true, ""use_dag_block_crossover"": true, ""use_elite_local_search"": true, ""use_skew_mutation"": true, ""user_count"": null}",561.8693985559441,0.15580418594092563,0.71490059983055,6578.604376487279,0,98853,1734.0,59.793103448275865,0.08007920378093904,2.3222969096472315,0.06804114746472026,2220.004417002201,4d_v1
pareto:dnn_30:e32d64c2ec:random:repeat_8:seed_20260727,pareto,dnn_30,random,8,20260727,"{""alpha_a"": 0.5, ""alpha_l"": 0.7, ""alpha_r"": 0.8, ""beta_a"": 0.3, ""beta_l"": 0.4, ""beta_r"": 0.5, ""cloud_count"": 1, ""crossover_probability"": 0.5, ""dnn_count"": 30, ""edge_count"": 10, ""edge_link_factor"": 2.0, ""iteration_limit"": 200, ""lambda_g"": 0.7, ""lambda_h"": 0.7, ""mutation_probability"": 0.25, ""name"": ""dnn_30"", ""population_size"": 60, ""preference"": ""adaptive"", ""suite"": ""pareto"", ""use_dag_aware_initialization"": true, ""use_dag_block_crossover"": true, ""use_elite_local_search"": true, ""use_skew_mutation"": true, ""user_count"": null}",838.6374015554093,0.0031654861782688926,0.6617971703693555,13715.26024751445,3,1714,565.0,20.925925925925927,0.0015569751060647184,0.0420383278637474,0.005926359415576517,9919.80745899491,4d_v1
pareto:dnn_30:e32d64c2ec:sa:repeat_8:seed_20260727,pareto,dnn_30,sa,8,20260727,"{""alpha_a"": 0.5, ""alpha_l"": 0.7, ""alpha_r"": 0.8, ""beta_a"": 0.3, ""beta_l"": 0.4, ""beta_r"": 0.5, ""cloud_count"": 1, ""crossover_probability"": 0.5, ""dnn_count"": 30, ""edge_count"": 10, ""edge_link_factor"": 2.0, ""iteration_limit"": 200, ""lambda_g"": 0.7, ""lambda_h"": 0.7, ""mutation_probability"": 0.25, ""name"": ""dnn_30"", ""population_size"": 60, ""preference"": ""adaptive"", ""suite"": ""pareto"", ""use_dag_aware_initialization"": true, ""use_dag_block_crossover"": true, ""use_elite_local_search"": true, ""use_skew_mutation"": true, ""user_count"": null}",867.6744238045065,0.10464811898561581,0.8238785592236935,9498.516643420753,2,26672,1595.0,56.964285714285715,0.04028479070465849,1.1279741397304377,0.06028119045465097,3586.9087500032037,4d_v1
pareto:dnn_30:e32d64c2ec:proposed:repeat_9:seed_20260728,pareto,dnn_30,proposed,9,20260728,"{""alpha_a"": 0.5, ""alpha_l"": 0.7, ""alpha_r"": 0.8, ""beta_a"": 0.3, ""beta_l"": 0.4, ""beta_r"": 0.5, ""cloud_count"": 1, ""crossover_probability"": 0.5, ""dnn_count"": 30, ""edge_count"": 10, ""edge_link_factor"": 2.0, ""iteration_limit"": 200, ""lambda_g"": 0.7, ""lambda_h"": 0.7, ""mutation_probability"": 0.25, ""name"": ""dnn_30"", ""population_size"": 60, ""preference"": ""adaptive"", ""suite"": ""pareto"", ""use_dag_aware_initialization"": true, ""use_dag_block_crossover"": true, ""use_elite_local_search"": true, ""use_skew_mutation"": true, ""user_count"": null}",670.8192512096934,0.1473809553228856,0.7979607678298695,6371.1103454670965,0,122329,1722.0,57.4,0.0789372464968036,2.3681173949041083,0.059475271480739736,2174.8640410078224,4d_v1
pareto:dnn_30:e32d64c2ec:customized:repeat_9:seed_20260728,pareto,dnn_30,customized,9,20260728,"{""alpha_a"": 0.5, ""alpha_l"": 0.7, ""alpha_r"": 0.8, ""beta_a"": 0.3, ""beta_l"": 0.4, ""beta_r"": 0.5, ""cloud_count"": 1, ""crossover_probability"": 0.5, ""dnn_count"": 30, ""edge_count"": 10, ""edge_link_factor"": 2.0, ""iteration_limit"": 200, ""lambda_g"": 0.7, ""lambda_h"": 0.7, ""mutation_probability"": 0.25, ""name"": ""dnn_30"", ""population_size"": 60, ""preference"": ""adaptive"", ""suite"": ""pareto"", ""use_dag_aware_initialization"": true, ""use_dag_block_crossover"": true, ""use_elite_local_search"": true, ""use_skew_mutation"": true, ""user_count"": null}",503.07981325961407,0.19553281595538388,0.7237170091572269,5494.112301217771,1,91382,1719.0,59.275862068965516,0.09640717227510089,2.795807995977926,0.05691083693450363,2288.7185419967864,4d_v1
pareto:dnn_30:e32d64c2ec:random:repeat_9:seed_20260728,pareto,dnn_30,random,9,20260728,"{""alpha_a"": 0.5, ""alpha_l"": 0.7, ""alpha_r"": 0.8, ""beta_a"": 0.3, ""beta_l"": 0.4, ""beta_r"": 0.5, ""cloud_count"": 1, ""crossover_probability"": 0.5, ""dnn_count"": 30, ""edge_count"": 10, ""edge_link_factor"": 2.0, ""iteration_limit"": 200, ""lambda_g"": 0.7, ""lambda_h"": 0.7, ""mutation_probability"": 0.25, ""name"": ""dnn_30"", ""population_size"": 60, ""preference"": ""adaptive"", ""suite"": ""pareto"", ""use_dag_aware_initialization"": true, ""use_dag_block_crossover"": true, ""use_elite_local_search"": true, ""use_skew_mutation"": true, ""user_count"": null}",753.5215894494402,0.0053636911793584555,0.6735836564165307,12243.01474096603,2,1485,519.0,18.535714285714285,0.0035824205005191645,0.10030777401453665,0.01246943884645057,6562.056958995527,4d_v1
pareto:dnn_30:e32d64c2ec:sa:repeat_9:seed_20260728,pareto,dnn_30,sa,9,20260728,"{""alpha_a"": 0.5, ""alpha_l"": 0.7, ""alpha_r"": 0.8, ""beta_a"": 0.3, ""beta_l"": 0.4, ""beta_r"": 0.5, ""cloud_count"": 1, ""crossover_probability"": 0.5, ""dnn_count"": 30, ""edge_count"": 10, ""edge_link_factor"": 2.0, ""iteration_limit"": 200, ""lambda_g"": 0.7, ""lambda_h"": 0.7, ""mutation_probability"": 0.25, ""name"": ""dnn_30"", ""population_size"": 60, ""preference"": ""adaptive"", ""suite"": ""pareto"", ""use_dag_aware_initialization"": true, ""use_dag_block_crossover"": true, ""use_elite_local_search"": true, ""use_skew_mutation"": true, ""user_count"": null}",758.6805376351632,0.05137125294250299,0.7922745742276563,9163.531475834217,2,23726,1857.0,66.32142857142857,0.02196613889665696,0.6150518891063951,0.0493840002234449,4228.3951670106035,4d_v1
