task_id,experiment_layer,protocol_version,suite,scenario,comparison_group,comparison_method,algorithm,repeat,seed,search_budget_id,objective_semantics_version,instance_count,feasible_instances,feasible_rate,mean_candidate_count,mean_evaluations,mean_constraint_rejection_rate,mean_nonconvergence_rate,mean_archive_size,mean_hypervolume,avg_estimated_delay_ms,avg_operational_stability_score,avg_total_energy,search_runtime_ms
search_quality:isolated_snapshot_v1:search_quality:702a70b8c5d05eb4:customized:r0:s20260719,search_quality,isolated_snapshot_v1,search_quality,customized_medium,search_quality,customized_medium,customized,0,20260719,p12_g4_a64,stability_delay_energy_v4,30,26,0.8666666666666667,2.6333333333333333,21.5,0.6515871717244266,0.0,2.6333333333333333,0.3087762546688836,635.568376928056,0.8510854514009173,6530.596129620419,1454.3767898576334
search_quality:isolated_snapshot_v1:search_quality:702a70b8c5d05eb4:customized:r1:s20260720,search_quality,isolated_snapshot_v1,search_quality,customized_medium,search_quality,customized_medium,customized,1,20260720,p12_g4_a64,stability_delay_energy_v4,30,27,0.9,3.533333333333333,22.933333333333334,0.5349401108962513,0.0,3.533333333333333,0.39124988042409453,533.0016008603512,0.8547797256205335,7541.4314901301195,1629.6325428411365
search_quality:isolated_snapshot_v1:search_quality:702a70b8c5d05eb4:customized:r2:s20260721,search_quality,isolated_snapshot_v1,search_quality,customized_medium,search_quality,customized_medium,customized,2,20260721,p12_g4_a64,stability_delay_energy_v4,30,27,0.9,2.7666666666666666,22.5,0.6435608920082115,0.0,2.7666666666666666,0.33679294976096297,622.3802001395107,0.8502500129707949,6744.796526666822,1575.4251199541613
search_quality:isolated_snapshot_v1:search_quality:702a70b8c5d05eb4:customized:r3:s20260722,search_quality,isolated_snapshot_v1,search_quality,customized_medium,search_quality,customized_medium,customized,3,20260722,p12_g4_a64,stability_delay_energy_v4,30,27,0.9,2.966666666666667,22.1,0.6143240065977938,0.0,2.966666666666667,0.3692082537445789,567.6386783320867,0.8561834855019105,6447.88319340044,1647.417500964366
search_quality:isolated_snapshot_v1:search_quality:702a70b8c5d05eb4:customized:r4:s20260723,search_quality,isolated_snapshot_v1,search_quality,customized_medium,search_quality,customized_medium,customized,4,20260723,p12_g4_a64,stability_delay_energy_v4,30,26,0.8666666666666667,3.3333333333333335,23.466666666666665,0.5964245510859737,0.0,3.3333333333333335,0.36013342513505947,558.5437392267193,0.8511442863536307,8284.462974987946,1669.7327510919422
search_quality:isolated_snapshot_v1:search_quality:702a70b8c5d05eb4:customized:r5:s20260724,search_quality,isolated_snapshot_v1,search_quality,customized_medium,search_quality,customized_medium,customized,5,20260724,p12_g4_a64,stability_delay_energy_v4,30,25,0.8333333333333334,3.3666666666666667,22.166666666666668,0.6393895695310413,0.0,3.3666666666666667,0.35199656882528246,649.2460442819543,0.839253845729258,6291.959562806798,1541.7248338926584
search_quality:isolated_snapshot_v1:search_quality:702a70b8c5d05eb4:customized:r6:s20260725,search_quality,isolated_snapshot_v1,search_quality,customized_medium,search_quality,customized_medium,customized,6,20260725,p12_g4_a64,stability_delay_energy_v4,30,26,0.8666666666666667,3.0,22.766666666666666,0.5914727706052987,0.0,3.0,0.3575833308030902,608.563736361065,0.8559397171439926,7474.201319425696,1670.6432941136882
search_quality:isolated_snapshot_v1:search_quality:702a70b8c5d05eb4:customized:r7:s20260726,search_quality,isolated_snapshot_v1,search_quality,customized_medium,search_quality,customized_medium,customized,7,20260726,p12_g4_a64,stability_delay_energy_v4,30,26,0.8666666666666667,2.3,21.266666666666666,0.6645333116141772,0.0,2.3,0.30692089822829216,590.8650729400188,0.8636508439334917,9479.364891135992,1748.8594590686262
search_quality:isolated_snapshot_v1:search_quality:702a70b8c5d05eb4:customized:r8:s20260727,search_quality,isolated_snapshot_v1,search_quality,customized_medium,search_quality,customized_medium,customized,8,20260727,p12_g4_a64,stability_delay_energy_v4,30,27,0.9,3.533333333333333,21.733333333333334,0.5650670166881914,0.0,3.533333333333333,0.38702259253490534,558.4674811341605,0.8521236013384397,8207.948036465028,1633.4699600702152
search_quality:isolated_snapshot_v1:search_quality:702a70b8c5d05eb4:customized:r9:s20260728,search_quality,isolated_snapshot_v1,search_quality,customized_medium,search_quality,customized_medium,customized,9,20260728,p12_g4_a64,stability_delay_energy_v4,30,27,0.9,2.433333333333333,23.533333333333335,0.6216997835381972,0.0,2.433333333333333,0.36737376545424905,606.7637204848598,0.8631440294810285,7551.846838487723,1846.6932865558192
search_quality:isolated_snapshot_v1:search_quality:702a70b8c5d05eb4:customized:r10:s20260729,search_quality,isolated_snapshot_v1,search_quality,customized_medium,search_quality,customized_medium,customized,10,20260729,p12_g4_a64,stability_delay_energy_v4,30,26,0.8666666666666667,3.3333333333333335,21.466666666666665,0.6382726703744,0.0,3.3333333333333335,0.3719144220526866,661.0577255258995,0.845497407308251,6749.553436562103,1694.175835000351
search_quality:isolated_snapshot_v1:search_quality:702a70b8c5d05eb4:customized:r11:s20260730,search_quality,isolated_snapshot_v1,search_quality,customized_medium,search_quality,customized_medium,customized,11,20260730,p12_g4_a64,stability_delay_energy_v4,30,28,0.9333333333333333,2.8333333333333335,22.4,0.5836996932001508,0.0,2.8333333333333335,0.40133513112009916,590.8325091740578,0.8657862449727988,8414.602996725513,1741.6194174438715
search_quality:isolated_snapshot_v1:search_quality:702a70b8c5d05eb4:customized:r12:s20260731,search_quality,isolated_snapshot_v1,search_quality,customized_medium,search_quality,customized_medium,customized,12,20260731,p12_g4_a64,stability_delay_energy_v4,30,27,0.9,2.8666666666666667,21.833333333333332,0.6532249776545175,0.0,2.8666666666666667,0.3227210087426696,615.3294037780553,0.843766646247004,6767.135152966212,1727.70816530101
search_quality:isolated_snapshot_v1:search_quality:702a70b8c5d05eb4:customized:r13:s20260732,search_quality,isolated_snapshot_v1,search_quality,customized_medium,search_quality,customized_medium,customized,13,20260732,p12_g4_a64,stability_delay_energy_v4,30,27,0.9,3.7666666666666666,22.566666666666666,0.5464303307008205,0.0,3.7666666666666666,0.35371665654779194,551.3833336935012,0.8643432314496461,7230.871369510522,1672.3677078261971
search_quality:isolated_snapshot_v1:search_quality:702a70b8c5d05eb4:customized:r14:s20260733,search_quality,isolated_snapshot_v1,search_quality,customized_medium,search_quality,customized_medium,customized,14,20260733,p12_g4_a64,stability_delay_energy_v4,30,25,0.8333333333333334,2.8666666666666667,21.966666666666665,0.7068339147033623,0.0,2.8666666666666667,0.3010140598122507,650.5845241718308,0.8502603204857828,6447.2888017603655,1551.7003760905936
search_quality:isolated_snapshot_v1:search_quality:702a70b8c5d05eb4:customized:r15:s20260734,search_quality,isolated_snapshot_v1,search_quality,customized_medium,search_quality,customized_medium,customized,15,20260734,p12_g4_a64,stability_delay_energy_v4,30,25,0.8333333333333334,2.7666666666666666,23.066666666666666,0.6164643546705147,0.0,2.7666666666666666,0.3133392640454462,567.3617077379706,0.8597613682287887,8723.822734766472,1721.0575840435922
search_quality:isolated_snapshot_v1:search_quality:702a70b8c5d05eb4:customized:r16:s20260735,search_quality,isolated_snapshot_v1,search_quality,customized_medium,search_quality,customized_medium,customized,16,20260735,p12_g4_a64,stability_delay_energy_v4,30,29,0.9666666666666667,3.433333333333333,22.233333333333334,0.5578307005900511,0.0,3.433333333333333,0.3439319266864781,641.0568945429377,0.8522198031330861,8388.239727102016,1749.5314190164208
search_quality:isolated_snapshot_v1:search_quality:702a70b8c5d05eb4:customized:r17:s20260736,search_quality,isolated_snapshot_v1,search_quality,customized_medium,search_quality,customized_medium,customized,17,20260736,p12_g4_a64,stability_delay_energy_v4,30,27,0.9,3.1666666666666665,22.7,0.5551578101673449,0.0,3.1666666666666665,0.37651145647359885,565.3855993781242,0.8591705289861716,7639.642747088905,1555.0727053778246
search_quality:isolated_snapshot_v1:search_quality:702a70b8c5d05eb4:customized:r18:s20260737,search_quality,isolated_snapshot_v1,search_quality,customized_medium,search_quality,customized_medium,customized,18,20260737,p12_g4_a64,stability_delay_energy_v4,30,27,0.9,3.2666666666666666,23.633333333333333,0.5548465477050358,0.0,3.2666666666666666,0.4034523122571667,565.6274870640967,0.8599169162682553,8239.181327721417,1847.8670798940584
search_quality:isolated_snapshot_v1:search_quality:702a70b8c5d05eb4:customized:r19:s20260738,search_quality,isolated_snapshot_v1,search_quality,customized_medium,search_quality,customized_medium,customized,19,20260738,p12_g4_a64,stability_delay_energy_v4,30,25,0.8333333333333334,2.8666666666666667,21.533333333333335,0.582801602591682,0.0,2.8666666666666667,0.3443011960432939,525.2335432917812,0.8657312972800782,6544.91704463519,1490.9311259398237
search_quality:isolated_snapshot_v1:search_quality:ff6667e8f9373c08:proposed:r0:s20260719,search_quality,isolated_snapshot_v1,search_quality,proposed_medium,search_quality,proposed_medium,proposed,0,20260719,p12_g4_a64,stability_delay_energy_v4,30,25,0.8333333333333334,2.6333333333333333,27.333333333333332,0.7577973955003606,0.0,2.6333333333333333,0.19180385595765495,755.1638543007018,0.8598408081334057,10672.189696916796,1369.0365019720048
search_quality:isolated_snapshot_v1:search_quality:ff6667e8f9373c08:proposed:r1:s20260720,search_quality,isolated_snapshot_v1,search_quality,proposed_medium,search_quality,proposed_medium,proposed,1,20260720,p12_g4_a64,stability_delay_energy_v4,30,24,0.8,3.5,27.733333333333334,0.7067584934789505,0.0,3.5,0.27039212050942313,651.7117989758162,0.870639782899092,11572.653620484956,1384.3000411288813
search_quality:isolated_snapshot_v1:search_quality:ff6667e8f9373c08:proposed:r2:s20260721,search_quality,isolated_snapshot_v1,search_quality,proposed_medium,search_quality,proposed_medium,proposed,2,20260721,p12_g4_a64,stability_delay_energy_v4,30,24,0.8,3.433333333333333,28.8,0.7022121382096065,0.0,3.433333333333333,0.24328926841137838,698.6054128380584,0.8647302387184973,12300.827113328814,1380.559252225794
search_quality:isolated_snapshot_v1:search_quality:ff6667e8f9373c08:proposed:r3:s20260722,search_quality,isolated_snapshot_v1,search_quality,proposed_medium,search_quality,proposed_medium,proposed,3,20260722,p12_g4_a64,stability_delay_energy_v4,30,24,0.8,3.566666666666667,29.1,0.7159728661874392,0.0,3.566666666666667,0.2780032832319291,665.4880730755985,0.863379249248425,11448.852876857576,1379.0692089824006
search_quality:isolated_snapshot_v1:search_quality:ff6667e8f9373c08:proposed:r4:s20260723,search_quality,isolated_snapshot_v1,search_quality,proposed_medium,search_quality,proposed_medium,proposed,4,20260723,p12_g4_a64,stability_delay_energy_v4,30,27,0.9,3.4,29.9,0.7101350929710819,0.0,3.4,0.2606279656205349,701.9184774551495,0.8567330837366032,11991.605127510782,1442.3550829524174
search_quality:isolated_snapshot_v1:search_quality:ff6667e8f9373c08:proposed:r5:s20260724,search_quality,isolated_snapshot_v1,search_quality,proposed_medium,search_quality,proposed_medium,proposed,5,20260724,p12_g4_a64,stability_delay_energy_v4,30,24,0.8,3.3,27.4,0.7397791548093615,0.0,3.3,0.2856459903062602,670.4886816322133,0.8583464623660326,12029.648077861284,1367.0825791778043
search_quality:isolated_snapshot_v1:search_quality:ff6667e8f9373c08:proposed:r6:s20260725,search_quality,isolated_snapshot_v1,search_quality,proposed_medium,search_quality,proposed_medium,proposed,6,20260725,p12_g4_a64,stability_delay_energy_v4,30,26,0.8666666666666667,3.3333333333333335,28.266666666666666,0.7120456445826165,0.0,3.3333333333333335,0.26109866967380496,689.6721286595516,0.8592518825050254,12924.14134013388,1456.287332228385
search_quality:isolated_snapshot_v1:search_quality:ff6667e8f9373c08:proposed:r7:s20260726,search_quality,isolated_snapshot_v1,search_quality,proposed_medium,search_quality,proposed_medium,proposed,7,20260726,p12_g4_a64,stability_delay_energy_v4,30,21,0.7,2.2333333333333334,28.333333333333332,0.7863658491093279,0.0,2.2333333333333334,0.19308123090503526,768.5987859916893,0.8560090315506372,13390.443880151412,1547.8387073380873
search_quality:isolated_snapshot_v1:search_quality:ff6667e8f9373c08:proposed:r8:s20260727,search_quality,isolated_snapshot_v1,search_quality,proposed_medium,search_quality,proposed_medium,proposed,8,20260727,p12_g4_a64,stability_delay_energy_v4,30,27,0.9,3.3666666666666667,28.366666666666667,0.692910167069451,0.0,3.3666666666666667,0.27991752183354546,690.3354168524015,0.8626272020916581,12632.495300744706,1476.2232508510351
search_quality:isolated_snapshot_v1:search_quality:ff6667e8f9373c08:proposed:r9:s20260728,search_quality,isolated_snapshot_v1,search_quality,proposed_medium,search_quality,proposed_medium,proposed,9,20260728,p12_g4_a64,stability_delay_energy_v4,30,26,0.8666666666666667,3.2333333333333334,29.366666666666667,0.7278584769801087,0.0,3.2333333333333334,0.27105804964039737,690.0766653150923,0.8688599202978664,11580.39460497448,1406.921453308314
search_quality:isolated_snapshot_v1:search_quality:ff6667e8f9373c08:proposed:r10:s20260729,search_quality,isolated_snapshot_v1,search_quality,proposed_medium,search_quality,proposed_medium,proposed,10,20260729,p12_g4_a64,stability_delay_energy_v4,30,28,0.9333333333333333,3.2333333333333334,28.666666666666668,0.7569410531200838,0.0,3.2333333333333334,0.2834827385472675,694.0886956514162,0.8571568815767214,12165.230804252371,1496.160748647526
search_quality:isolated_snapshot_v1:search_quality:ff6667e8f9373c08:proposed:r11:s20260730,search_quality,isolated_snapshot_v1,search_quality,proposed_medium,search_quality,proposed_medium,proposed,11,20260730,p12_g4_a64,stability_delay_energy_v4,30,26,0.8666666666666667,3.6,27.9,0.7081441960166664,0.0,3.6,0.29708249873235515,710.1031763021135,0.8547645414538318,12319.705880498019,1376.8901280127466
search_quality:isolated_snapshot_v1:search_quality:ff6667e8f9373c08:proposed:r12:s20260731,search_quality,isolated_snapshot_v1,search_quality,proposed_medium,search_quality,proposed_medium,proposed,12,20260731,p12_g4_a64,stability_delay_energy_v4,30,22,0.7333333333333333,3.066666666666667,28.566666666666666,0.749613682008259,0.0,3.066666666666667,0.21335756107336987,680.9800564198144,0.8597222923341111,12377.830035799661,1510.0201667519286
search_quality:isolated_snapshot_v1:search_quality:ff6667e8f9373c08:proposed:r13:s20260732,search_quality,isolated_snapshot_v1,search_quality,proposed_medium,search_quality,proposed_medium,proposed,13,20260732,p12_g4_a64,stability_delay_energy_v4,30,26,0.8666666666666667,3.6333333333333333,28.3,0.6788126605548895,0.0,3.6333333333333333,0.2535775376668117,688.9625622340099,0.8592898447357536,10362.624625078051,1340.208501671441
search_quality:isolated_snapshot_v1:search_quality:ff6667e8f9373c08:proposed:r14:s20260733,search_quality,isolated_snapshot_v1,search_quality,proposed_medium,search_quality,proposed_medium,proposed,14,20260733,p12_g4_a64,stability_delay_energy_v4,30,25,0.8333333333333334,3.5,28.433333333333334,0.7230430646134849,0.0,3.5,0.2278918930030795,676.9294619942692,0.8598072873211311,12382.399796540665,1469.974750187248
search_quality:isolated_snapshot_v1:search_quality:ff6667e8f9373c08:proposed:r15:s20260734,search_quality,isolated_snapshot_v1,search_quality,proposed_medium,search_quality,proposed_medium,proposed,15,20260734,p12_g4_a64,stability_delay_energy_v4,30,24,0.8,2.8666666666666667,28.666666666666668,0.7154817706774674,0.0,2.8666666666666667,0.22582272870959824,674.7360914327968,0.870578632751605,12318.825106619945,1388.0222484003752
search_quality:isolated_snapshot_v1:search_quality:ff6667e8f9373c08:proposed:r16:s20260735,search_quality,isolated_snapshot_v1,search_quality,proposed_medium,search_quality,proposed_medium,proposed,16,20260735,p12_g4_a64,stability_delay_energy_v4,30,29,0.9666666666666667,3.7333333333333334,28.5,0.6835098472712445,0.0,3.7333333333333334,0.2501242660488471,702.9002696226639,0.8578344328965298,12740.33735820398,1449.8752939980477
search_quality:isolated_snapshot_v1:search_quality:ff6667e8f9373c08:proposed:r17:s20260736,search_quality,isolated_snapshot_v1,search_quality,proposed_medium,search_quality,proposed_medium,proposed,17,20260736,p12_g4_a64,stability_delay_energy_v4,30,26,0.8666666666666667,3.4,27.733333333333334,0.701544809024894,0.0,3.4,0.2750050370497325,673.2276964234272,0.8665293080666542,11122.418166502632,1252.4880872806534
search_quality:isolated_snapshot_v1:search_quality:ff6667e8f9373c08:proposed:r18:s20260737,search_quality,isolated_snapshot_v1,search_quality,proposed_medium,search_quality,proposed_medium,proposed,18,20260737,p12_g4_a64,stability_delay_energy_v4,30,28,0.9333333333333333,3.2666666666666666,27.4,0.7178860972814698,0.0,3.2666666666666666,0.29294177026864665,699.6804956348044,0.8608386981608549,13328.896991204316,1445.1384170679376
search_quality:isolated_snapshot_v1:search_quality:ff6667e8f9373c08:proposed:r19:s20260738,search_quality,isolated_snapshot_v1,search_quality,proposed_medium,search_quality,proposed_medium,proposed,19,20260738,p12_g4_a64,stability_delay_energy_v4,30,25,0.8333333333333334,3.433333333333333,28.533333333333335,0.67655020935208,0.0,3.433333333333333,0.2307814186174682,649.1313416255729,0.8657703384313767,11057.485925436704,1366.317915963009
search_quality:isolated_snapshot_v1:search_quality:ad3df0285d4ac131:sa:r0:s20260719,search_quality,isolated_snapshot_v1,search_quality,sa_medium,search_quality,sa_medium,sa,0,20260719,p12_g4_a64,stability_delay_energy_v4,30,24,0.8,5.066666666666666,45.4,0.4367876091032921,0.0,5.066666666666666,0.3104588367613174,606.6616101481865,0.8542001684748938,6455.4603748504205,1664.5808746106923
search_quality:isolated_snapshot_v1:search_quality:ad3df0285d4ac131:sa:r1:s20260720,search_quality,isolated_snapshot_v1,search_quality,sa_medium,search_quality,sa_medium,sa,1,20260720,p12_g4_a64,stability_delay_energy_v4,30,25,0.8333333333333334,5.166666666666667,45.03333333333333,0.5163589572138892,0.0,5.166666666666667,0.3559563248684266,600.6476742705468,0.8407408591577172,6749.639732255799,1607.5523326871917
search_quality:isolated_snapshot_v1:search_quality:ad3df0285d4ac131:sa:r2:s20260721,search_quality,isolated_snapshot_v1,search_quality,sa_medium,search_quality,sa_medium,sa,2,20260721,p12_g4_a64,stability_delay_energy_v4,30,23,0.7666666666666667,4.233333333333333,45.06666666666667,0.5418852696434849,0.0,4.233333333333333,0.3142159644239658,633.8672079419218,0.8488034104084629,6175.815663042905,1617.841912782751
search_quality:isolated_snapshot_v1:search_quality:ad3df0285d4ac131:sa:r3:s20260722,search_quality,isolated_snapshot_v1,search_quality,sa_medium,search_quality,sa_medium,sa,3,20260722,p12_g4_a64,stability_delay_energy_v4,30,27,0.9,4.466666666666667,45.56666666666667,0.514804133802334,0.0,4.466666666666667,0.33371133983086587,680.9158949000227,0.8465828881348957,5887.440017041594,1567.3162491293624
search_quality:isolated_snapshot_v1:search_quality:ad3df0285d4ac131:sa:r4:s20260723,search_quality,isolated_snapshot_v1,search_quality,sa_medium,search_quality,sa_medium,sa,4,20260723,p12_g4_a64,stability_delay_energy_v4,30,21,0.7,3.6333333333333333,43.86666666666667,0.6254982106737471,0.0,3.6333333333333333,0.2887685672047354,661.3214394185978,0.8446274647480203,5899.880559733222,1570.6994192441925
search_quality:isolated_snapshot_v1:search_quality:ad3df0285d4ac131:sa:r5:s20260724,search_quality,isolated_snapshot_v1,search_quality,sa_medium,search_quality,sa_medium,sa,5,20260724,p12_g4_a64,stability_delay_energy_v4,30,24,0.8,4.066666666666666,44.96666666666667,0.5704445001765126,0.0,4.066666666666666,0.33501404155270315,691.5141770499125,0.8336525203004822,5753.673140705822,1616.8689577607438
search_quality:isolated_snapshot_v1:search_quality:ad3df0285d4ac131:sa:r6:s20260725,search_quality,isolated_snapshot_v1,search_quality,sa_medium,search_quality,sa_medium,sa,6,20260725,p12_g4_a64,stability_delay_energy_v4,30,23,0.7666666666666667,3.7666666666666666,44.766666666666666,0.5999953750821221,0.0,3.7666666666666666,0.3052335966843457,703.448704378249,0.8335456977183917,5711.851666108764,1591.6694146580994
search_quality:isolated_snapshot_v1:search_quality:ad3df0285d4ac131:sa:r7:s20260726,search_quality,isolated_snapshot_v1,search_quality,sa_medium,search_quality,sa_medium,sa,7,20260726,p12_g4_a64,stability_delay_energy_v4,30,23,0.7666666666666667,3.6,45.4,0.6136675611459204,0.0,3.6,0.25557385047549114,681.9198953972993,0.8459463460251272,7635.113320374829,1632.8665864421055
search_quality:isolated_snapshot_v1:search_quality:ad3df0285d4ac131:sa:r8:s20260727,search_quality,isolated_snapshot_v1,search_quality,sa_medium,search_quality,sa_medium,sa,8,20260727,p12_g4_a64,stability_delay_energy_v4,30,23,0.7666666666666667,4.333333333333333,43.86666666666667,0.5145352751829193,0.0,4.333333333333333,0.33283649098261736,614.0096944508471,0.8497978760654519,6616.932541475062,1602.765497751534
search_quality:isolated_snapshot_v1:search_quality:ad3df0285d4ac131:sa:r9:s20260728,search_quality,isolated_snapshot_v1,search_quality,sa_medium,search_quality,sa_medium,sa,9,20260728,p12_g4_a64,stability_delay_energy_v4,30,20,0.6666666666666666,2.8,43.93333333333333,0.5872387725111302,0.0,2.8,0.3126903528290913,651.8016865622199,0.8508095048363338,5164.247382176567,1531.5279591595754
search_quality:isolated_snapshot_v1:search_quality:ad3df0285d4ac131:sa:r10:s20260729,search_quality,isolated_snapshot_v1,search_quality,sa_medium,search_quality,sa_medium,sa,10,20260729,p12_g4_a64,stability_delay_energy_v4,30,24,0.8,4.266666666666667,44.7,0.5799902830222944,0.0,4.266666666666667,0.3253663297822777,747.0062298818444,0.8331334108729523,5825.000085833951,1611.970249330625
search_quality:isolated_snapshot_v1:search_quality:ad3df0285d4ac131:sa:r11:s20260730,search_quality,isolated_snapshot_v1,search_quality,sa_medium,search_quality,sa_medium,sa,11,20260730,p12_g4_a64,stability_delay_energy_v4,30,27,0.9,3.7666666666666666,45.2,0.4985532506895316,0.0,3.7666666666666666,0.34749848949689166,693.4458974470112,0.8428537725152716,6249.03587611855,1627.4895820533857
search_quality:isolated_snapshot_v1:search_quality:ad3df0285d4ac131:sa:r12:s20260731,search_quality,isolated_snapshot_v1,search_quality,sa_medium,search_quality,sa_medium,sa,12,20260731,p12_g4_a64,stability_delay_energy_v4,30,24,0.8,3.6333333333333333,44.96666666666667,0.5366005514934304,0.0,3.6333333333333333,0.30840956154852134,660.5499531212884,0.8476812298837199,6041.940132814606,1619.9406244559214
search_quality:isolated_snapshot_v1:search_quality:ad3df0285d4ac131:sa:r13:s20260732,search_quality,isolated_snapshot_v1,search_quality,sa_medium,search_quality,sa_medium,sa,13,20260732,p12_g4_a64,stability_delay_energy_v4,30,20,0.6666666666666666,4.3,44.36666666666667,0.5405917078232246,0.0,4.3,0.29554935802693955,559.2095469569434,0.8601879437778095,5595.058930995701,1552.5710000656545
search_quality:isolated_snapshot_v1:search_quality:ad3df0285d4ac131:sa:r14:s20260733,search_quality,isolated_snapshot_v1,search_quality,sa_medium,search_quality,sa_medium,sa,14,20260733,p12_g4_a64,stability_delay_energy_v4,30,22,0.7333333333333333,4.0,44.5,0.586493256715013,0.0,4.0,0.28860717006373166,644.7655513200523,0.8539023228875083,6084.854366673395,1557.2291251737624
search_quality:isolated_snapshot_v1:search_quality:ad3df0285d4ac131:sa:r15:s20260734,search_quality,isolated_snapshot_v1,search_quality,sa_medium,search_quality,sa_medium,sa,15,20260734,p12_g4_a64,stability_delay_energy_v4,30,17,0.5666666666666667,3.6,44.1,0.6462883849825332,0.0,3.6,0.25525045225576587,608.7508168714616,0.8498190682493687,5780.990451734919,1499.6075843228027
search_quality:isolated_snapshot_v1:search_quality:ad3df0285d4ac131:sa:r16:s20260735,search_quality,isolated_snapshot_v1,search_quality,sa_medium,search_quality,sa_medium,sa,16,20260735,p12_g4_a64,stability_delay_energy_v4,30,25,0.8333333333333334,3.6666666666666665,44.96666666666667,0.5927712757522151,0.0,3.6666666666666665,0.2760699187799705,718.4118128836543,0.8375137090618624,7512.7039969386,1598.0115018319339
search_quality:isolated_snapshot_v1:search_quality:ad3df0285d4ac131:sa:r17:s20260736,search_quality,isolated_snapshot_v1,search_quality,sa_medium,search_quality,sa_medium,sa,17,20260736,p12_g4_a64,stability_delay_energy_v4,30,25,0.8333333333333334,5.033333333333333,45.06666666666667,0.4875426713772605,0.0,5.033333333333333,0.3447772858652434,611.2703724750803,0.8498881900811578,5970.666741661599,1548.3259167522192
search_quality:isolated_snapshot_v1:search_quality:ad3df0285d4ac131:sa:r18:s20260737,search_quality,isolated_snapshot_v1,search_quality,sa_medium,search_quality,sa_medium,sa,18,20260737,p12_g4_a64,stability_delay_energy_v4,30,26,0.8666666666666667,5.033333333333333,45.0,0.44145290285015404,0.0,5.033333333333333,0.36180847771534824,659.5667067185424,0.859819004789713,7364.485929289813,1665.4490838991478
search_quality:isolated_snapshot_v1:search_quality:ad3df0285d4ac131:sa:r19:s20260738,search_quality,isolated_snapshot_v1,search_quality,sa_medium,search_quality,sa_medium,sa,19,20260738,p12_g4_a64,stability_delay_energy_v4,30,23,0.7666666666666667,4.0,44.06666666666667,0.5654958896727355,0.0,4.0,0.3087407979751896,614.7557862319202,0.8637334419995796,5626.0246920796935,1559.1732943430543
search_quality:isolated_snapshot_v1:search_quality:211e84e173c8b908:no_dag_operators:r0:s20260719,search_quality,isolated_snapshot_v1,search_quality,no_dag_medium,search_quality,no_dag_medium,no_dag_operators,0,20260719,p12_g4_a64,stability_delay_energy_v4,30,27,0.9,2.1333333333333333,28.633333333333333,0.7236639967812247,0.0,2.1333333333333333,0.23703212827003547,686.8867385466825,0.8696376295010977,9590.03414078184,2368.9807060873136
search_quality:isolated_snapshot_v1:search_quality:211e84e173c8b908:no_dag_operators:r1:s20260720,search_quality,isolated_snapshot_v1,search_quality,no_dag_medium,search_quality,no_dag_medium,no_dag_operators,1,20260720,p12_g4_a64,stability_delay_energy_v4,30,24,0.8,2.6,28.433333333333334,0.6901117930510691,0.0,2.6,0.3020393400825434,600.3895506092164,0.8788931603821194,10478.892228002072,2220.404249848798
search_quality:isolated_snapshot_v1:search_quality:211e84e173c8b908:no_dag_operators:r2:s20260721,search_quality,isolated_snapshot_v1,search_quality,no_dag_medium,search_quality,no_dag_medium,no_dag_operators,2,20260721,p12_g4_a64,stability_delay_energy_v4,30,25,0.8333333333333334,2.1666666666666665,29.4,0.6921101952221242,0.0,2.1666666666666665,0.2783473510548324,640.7114575632148,0.8741068330791625,11039.308134592473,2299.5762520004064
search_quality:isolated_snapshot_v1:search_quality:211e84e173c8b908:no_dag_operators:r3:s20260722,search_quality,isolated_snapshot_v1,search_quality,no_dag_medium,search_quality,no_dag_medium,no_dag_operators,3,20260722,p12_g4_a64,stability_delay_energy_v4,30,25,0.8333333333333334,2.6333333333333333,30.0,0.6952513945510539,0.0,2.6333333333333333,0.30448830831646895,618.2320803972335,0.8753834174036372,10406.257874023118,2350.8787067839876
search_quality:isolated_snapshot_v1:search_quality:211e84e173c8b908:no_dag_operators:r4:s20260723,search_quality,isolated_snapshot_v1,search_quality,no_dag_medium,search_quality,no_dag_medium,no_dag_operators,4,20260723,p12_g4_a64,stability_delay_energy_v4,30,27,0.9,2.8,30.933333333333334,0.679707968962076,0.0,2.8,0.2910935768104655,658.8983770943242,0.8660368252043882,11098.484779948145,2426.979832816869
search_quality:isolated_snapshot_v1:search_quality:211e84e173c8b908:no_dag_operators:r5:s20260724,search_quality,isolated_snapshot_v1,search_quality,no_dag_medium,search_quality,no_dag_medium,no_dag_operators,5,20260724,p12_g4_a64,stability_delay_energy_v4,30,24,0.8,2.6666666666666665,28.466666666666665,0.7157599249869276,0.0,2.6666666666666665,0.30271915621248086,635.5032108700784,0.8637577574872842,11183.67494444104,2231.0330831678584
search_quality:isolated_snapshot_v1:search_quality:211e84e173c8b908:no_dag_operators:r6:s20260725,search_quality,isolated_snapshot_v1,search_quality,no_dag_medium,search_quality,no_dag_medium,no_dag_operators,6,20260725,p12_g4_a64,stability_delay_energy_v4,30,28,0.9333333333333333,2.433333333333333,29.5,0.6780811655251343,0.0,2.433333333333333,0.3115123118745539,622.957504227653,0.8713888169211554,11657.585526314335,2445.7300399662927
search_quality:isolated_snapshot_v1:search_quality:211e84e173c8b908:no_dag_operators:r7:s20260726,search_quality,isolated_snapshot_v1,search_quality,no_dag_medium,search_quality,no_dag_medium,no_dag_operators,7,20260726,p12_g4_a64,stability_delay_energy_v4,30,23,0.7666666666666667,1.6333333333333333,29.266666666666666,0.7599529959373845,0.0,1.6333333333333333,0.23073118675158844,705.286022208976,0.8648776328263049,12555.1683323415,2454.658749862574
search_quality:isolated_snapshot_v1:search_quality:211e84e173c8b908:no_dag_operators:r8:s20260727,search_quality,isolated_snapshot_v1,search_quality,no_dag_medium,search_quality,no_dag_medium,no_dag_operators,8,20260727,p12_g4_a64,stability_delay_energy_v4,30,28,0.9333333333333333,2.566666666666667,29.366666666666667,0.6614485527951757,0.0,2.566666666666667,0.3089344797906771,641.7615410348935,0.8677115895569135,11566.732733885063,2336.1375050153583
search_quality:isolated_snapshot_v1:search_quality:211e84e173c8b908:no_dag_operators:r9:s20260728,search_quality,isolated_snapshot_v1,search_quality,no_dag_medium,search_quality,no_dag_medium,no_dag_operators,9,20260728,p12_g4_a64,stability_delay_energy_v4,30,26,0.8666666666666667,2.6,30.133333333333333,0.708689415500134,0.0,2.6,0.29251989248415955,659.2313952188374,0.8757750625566199,10565.959243694799,2279.689874849282
search_quality:isolated_snapshot_v1:search_quality:211e84e173c8b908:no_dag_operators:r10:s20260729,search_quality,isolated_snapshot_v1,search_quality,no_dag_medium,search_quality,no_dag_medium,no_dag_operators,10,20260729,p12_g4_a64,stability_delay_energy_v4,30,28,0.9333333333333333,2.6333333333333333,30.266666666666666,0.7214906821291679,0.0,2.6333333333333333,0.31960377739592993,644.0189154497983,0.866477172759322,11059.546527218288,2537.216206896119
search_quality:isolated_snapshot_v1:search_quality:211e84e173c8b908:no_dag_operators:r11:s20260730,search_quality,isolated_snapshot_v1,search_quality,no_dag_medium,search_quality,no_dag_medium,no_dag_operators,11,20260730,p12_g4_a64,stability_delay_energy_v4,30,26,0.8666666666666667,3.1,29.266666666666666,0.6880181590584462,0.0,3.1,0.32269525355830564,668.8297511326014,0.8611197010847916,11210.958723304906,2270.6682920688763
search_quality:isolated_snapshot_v1:search_quality:211e84e173c8b908:no_dag_operators:r12:s20260731,search_quality,isolated_snapshot_v1,search_quality,no_dag_medium,search_quality,no_dag_medium,no_dag_operators,12,20260731,p12_g4_a64,stability_delay_energy_v4,30,24,0.8,2.4,29.9,0.7210429186879409,0.0,2.4,0.24612486268352907,628.7504266219876,0.8718473701633408,11430.344061083386,2395.5487922066823
search_quality:isolated_snapshot_v1:search_quality:211e84e173c8b908:no_dag_operators:r13:s20260732,search_quality,isolated_snapshot_v1,search_quality,no_dag_medium,search_quality,no_dag_medium,no_dag_operators,13,20260732,p12_g4_a64,stability_delay_energy_v4,30,26,0.8666666666666667,2.533333333333333,29.266666666666666,0.6514405773692236,0.0,2.533333333333333,0.2814569336401906,621.7691276817179,0.8707828815903669,9736.767712014036,2355.2381268236786
search_quality:isolated_snapshot_v1:search_quality:211e84e173c8b908:no_dag_operators:r14:s20260733,search_quality,isolated_snapshot_v1,search_quality,no_dag_medium,search_quality,no_dag_medium,no_dag_operators,14,20260733,p12_g4_a64,stability_delay_energy_v4,30,27,0.9,2.7,29.6,0.7002927033260382,0.0,2.7,0.2621142712242304,628.7914620884798,0.8659445170101582,11513.311197656743,2320.7643759669736
search_quality:isolated_snapshot_v1:search_quality:211e84e173c8b908:no_dag_operators:r15:s20260734,search_quality,isolated_snapshot_v1,search_quality,no_dag_medium,search_quality,no_dag_medium,no_dag_operators,15,20260734,p12_g4_a64,stability_delay_energy_v4,30,26,0.8666666666666667,2.2,29.4,0.6899674484086358,0.0,2.2,0.25471708597343057,626.0407252155726,0.8758720264622841,11309.941083332114,2284.5591257791966
search_quality:isolated_snapshot_v1:search_quality:211e84e173c8b908:no_dag_operators:r16:s20260735,search_quality,isolated_snapshot_v1,search_quality,no_dag_medium,search_quality,no_dag_medium,no_dag_operators,16,20260735,p12_g4_a64,stability_delay_energy_v4,30,29,0.9666666666666667,2.9,29.866666666666667,0.6540123035530996,0.0,2.9,0.2975384173004191,638.7825853093516,0.8688806742712785,11525.095185092436,2539.2615414457396
search_quality:isolated_snapshot_v1:search_quality:211e84e173c8b908:no_dag_operators:r17:s20260736,search_quality,isolated_snapshot_v1,search_quality,no_dag_medium,search_quality,no_dag_medium,no_dag_operators,17,20260736,p12_g4_a64,stability_delay_energy_v4,30,26,0.8666666666666667,2.7,28.933333333333334,0.6780456392506778,0.0,2.7,0.3036519717801193,629.1049249700537,0.8742730545652914,10060.405131312986,2074.0366661921144
search_quality:isolated_snapshot_v1:search_quality:211e84e173c8b908:no_dag_operators:r18:s20260737,search_quality,isolated_snapshot_v1,search_quality,no_dag_medium,search_quality,no_dag_medium,no_dag_operators,18,20260737,p12_g4_a64,stability_delay_energy_v4,30,29,0.9666666666666667,2.6666666666666665,28.833333333333332,0.6870518848726769,0.0,2.6666666666666665,0.318359128962659,651.0805903960753,0.8669634836285927,12292.083472140677,2299.614125280641
search_quality:isolated_snapshot_v1:search_quality:211e84e173c8b908:no_dag_operators:r19:s20260738,search_quality,isolated_snapshot_v1,search_quality,no_dag_medium,search_quality,no_dag_medium,no_dag_operators,19,20260738,p12_g4_a64,stability_delay_energy_v4,30,26,0.8666666666666667,2.966666666666667,29.366666666666667,0.6550067058836568,0.0,2.966666666666667,0.2559999266583924,613.6381021118344,0.8741899319524736,10531.265153119999,2346.260584075935
