source_path,archive_file,status,experiment_layer,protocol_version,semantic_version,suite,row_count,file_count,byte_size,sha256,created_at,eligible_for_formal_statistics,reason
experiment_results/archive/ablation/raw_results.csv,legacy_a_layer.tar.gz,historical,deployment_quality,legacy_sequential_mixed,unknown,ablation,60,1,47611,942489c740c9d25ce46ca91375733ebf16e079e01dc58d6d8ebf1e980d62741a,2026-08-09T01:52:19.526531+00:00,false,superseded by isolated snapshot and Poisson lifecycle protocols
experiment_results/archive/ablation/summary.csv,legacy_a_layer.tar.gz,historical,deployment_quality,legacy_sequential_mixed,unknown,ablation,6,1,1810,d328c379577f780d90336e53b9225b7803b58f344c6ad786118ec120b5b15156,2026-08-09T01:52:19.526692+00:00,false,superseded by isolated snapshot and Poisson lifecycle protocols
experiment_results/archive/dynamic/raw_results.csv,legacy_a_layer.tar.gz,historical,deployment_quality,legacy_sequential_mixed,unknown,dynamic,180,1,137858,964524b88ce1fb833a0f5cf72a4934081afffb0931124eddf315daf579c9d6c3,2026-08-09T01:52:19.527387+00:00,false,superseded by isolated snapshot and Poisson lifecycle protocols
experiment_results/archive/dynamic/summary.csv,legacy_a_layer.tar.gz,historical,deployment_quality,legacy_sequential_mixed,unknown,dynamic,18,1,4492,08a063953a581b28ee5e47f4d68800ee710a42ec06955561da884a1b29b45ec3,2026-08-09T01:52:19.527519+00:00,false,superseded by isolated snapshot and Poisson lifecycle protocols
experiment_results/archive/overall/raw_results.csv,legacy_a_layer.tar.gz,historical,deployment_quality,legacy_sequential_mixed,unknown,overall,300,1,229410,88adcf766c22afe7472730be386a5f32f6b0376b9d8cdf98f7094b31bd792cd6,2026-08-09T01:52:19.528602+00:00,false,superseded by isolated snapshot and Poisson lifecycle protocols
experiment_results/archive/overall/summary.csv,legacy_a_layer.tar.gz,historical,deployment_quality,legacy_sequential_mixed,unknown,overall,30,1,7189,08c64a2916f5cc9428c61761b181f64f41d562cf685009b925b49d27d54f037f,2026-08-09T01:52:19.528735+00:00,false,superseded by isolated snapshot and Poisson lifecycle protocols
experiment_results/archive/pareto/pareto_points.csv,legacy_a_layer.tar.gz,historical,deployment_quality,legacy_sequential_mixed,unknown,pareto,57847,1,18615664,bfcce6dec9945964e304a04dc1efc9c7cce2f9ec4c28b4c716fbb33065f95983,2026-08-09T01:52:19.616014+00:00,false,superseded by isolated snapshot and Poisson lifecycle protocols
experiment_results/archive/pareto/raw_results.csv,legacy_a_layer.tar.gz,historical,deployment_quality,legacy_sequential_mixed,unknown,pareto,40,1,34725,c56e3ef8f0e520ae242729b89435c8b6cd7368b1022cde643bc402c059bdc786,2026-08-09T01:52:19.617179+00:00,false,superseded by isolated snapshot and Poisson lifecycle protocols
experiment_results/archive/pareto/summary.csv,legacy_a_layer.tar.gz,historical,deployment_quality,legacy_sequential_mixed,unknown,pareto,4,1,2464,0e479eba61f271094976f5013258e87c99680b46cbe5e4511d5f18c7715e4bbd,2026-08-09T01:52:19.617331+00:00,false,superseded by isolated snapshot and Poisson lifecycle protocols
experiment_results/archive/scale/raw_results.csv,legacy_a_layer.tar.gz,historical,deployment_quality,legacy_sequential_mixed,unknown,scale,103,1,78075,34a98c8ff07604fdafc1344e163dad81e05d50636e6591cccb48c6c65940728d,2026-08-09T01:52:19.617753+00:00,false,superseded by isolated snapshot and Poisson lifecycle protocols
experiment_results/archive/sensitivity/raw_results.csv,legacy_a_layer.tar.gz,historical,deployment_quality,legacy_sequential_mixed,unknown,sensitivity,170,1,135741,3d6a4d01bdefe4bcb29e794e6388d83acfc08a62c924c91446f1a97e4c7c02bb,2026-08-09T01:52:19.618390+00:00,false,superseded by isolated snapshot and Poisson lifecycle protocols
experiment_results/archive/sensitivity/summary.csv,legacy_a_layer.tar.gz,historical,deployment_quality,legacy_sequential_mixed,unknown,sensitivity,17,1,4493,779daed2cf69c609a5ddb56d92a11c6cd33f28e6b92c2a5d5088a921f395cbe9,2026-08-09T01:52:19.618509+00:00,false,superseded by isolated snapshot and Poisson lifecycle protocols
experiment_results/sensitivity/raw_results.csv,partial_a_sensitivity.tar.gz,partial,search_quality,isolated_single_dnn_v1,stability_fidelity_v2_return_energy,sensitivity,23,1,21446,36e43fde01ad51918bd627ef4fc3ee9f3d434bbe4d53f11eab56dbfca0e030b1,2026-08-09T01:52:19.618813+00:00,false,incomplete parameter matrix; formal plan restarts from an empty result root
periodic_experiment_results_v3/algorithm_baseline/planning_candidate_audits.csv,partial_b_algorithm_baseline_v3.tar.gz,partial_diagnostic,system_poisson,poisson_lifecycle_partial_v3,unknown,algorithm_baseline,17690,1,7834439,4921c9624e008a7383ed412145e7ce9c2d1e02e2bf2637adc09ccdb1ab50754d,2026-08-09T01:52:19.656665+00:00,false,seven-algorithm partial run; not eligible for completion by append
periodic_experiment_results_v3/algorithm_baseline/raw_results.csv,partial_b_algorithm_baseline_v3.tar.gz,partial_diagnostic,system_poisson,poisson_lifecycle_partial_v3,stability_fidelity_v3_profiled,algorithm_baseline,140,1,341590,c83c990a1eda58bcdbed614057e1f290b7c154d46debde6cf1f65be4bd424422,2026-08-09T01:52:19.658220+00:00,false,seven-algorithm partial run; not eligible for completion by append
plot/figures/fig_ablation.pdf,legacy_generated_figures.tar.gz,generated_legacy,derived_artifact,legacy_plot_inputs,not_applicable,not_applicable,0,1,311703,52937aefeffd76692ccdf092a79b92662fbc63ded19a96da7c13a89c8dfef5f9,2026-08-09T01:52:19.659178+00:00,false,generated from superseded results and must be regenerated
plot/figures/fig_ablation.svg,legacy_generated_figures.tar.gz,generated_legacy,derived_artifact,legacy_plot_inputs,not_applicable,not_applicable,0,1,17500,24c53b338945e05246d093a14188ee5cc14e803d4842c838fbb3e3a295f88cbc,2026-08-09T01:52:19.659615+00:00,false,generated from superseded results and must be regenerated
plot/figures/fig_dynamic_degradation.pdf,legacy_generated_figures.tar.gz,generated_legacy,derived_artifact,legacy_plot_inputs,not_applicable,not_applicable,0,1,243299,d8533ddf3453f4ade7c11a426b5a404f488c06679bdde43f9a322c004ec94769,2026-08-09T01:52:19.660016+00:00,false,generated from superseded results and must be regenerated
plot/figures/fig_dynamic_degradation.svg,legacy_generated_figures.tar.gz,generated_legacy,derived_artifact,legacy_plot_inputs,not_applicable,not_applicable,0,1,41902,e6c43f11dd15565eb8e630e997ee2a2616235123468a31253aab3f5bda331fc5,2026-08-09T01:52:19.660260+00:00,false,generated from superseded results and must be regenerated
plot/figures/fig_overall_delay_energy.pdf,legacy_generated_figures.tar.gz,generated_legacy,derived_artifact,legacy_plot_inputs,not_applicable,not_applicable,0,1,89240,9f49367a17665162309d35a3e10e82c3ab523d617ba241934735034f9e808370,2026-08-09T01:52:19.660538+00:00,false,generated from superseded results and must be regenerated
plot/figures/fig_overall_delay_energy.svg,legacy_generated_figures.tar.gz,generated_legacy,derived_artifact,legacy_plot_inputs,not_applicable,not_applicable,0,1,33535,9ba1a431ab122cbfba96c232a4ec6d1e479df0a1c1ec2d4c72ed7513dbb3a212,2026-08-09T01:52:19.660772+00:00,false,generated from superseded results and must be regenerated
plot/figures/fig_overall_failure_runtime.pdf,legacy_generated_figures.tar.gz,generated_legacy,derived_artifact,legacy_plot_inputs,not_applicable,not_applicable,0,1,80522,8d813e9acea3a35ef2352ddbd74ee42ffd0c35b09b2138f9b4776bb7ac0241ab,2026-08-09T01:52:19.661041+00:00,false,generated from superseded results and must be regenerated
plot/figures/fig_overall_failure_runtime.svg,legacy_generated_figures.tar.gz,generated_legacy,derived_artifact,legacy_plot_inputs,not_applicable,not_applicable,0,1,32316,6e7d5e8b65bc1ed4234dfc2b4bd2f6e3adc2acf11c5a8f9d5573a0b3137516ff,2026-08-09T01:52:19.661274+00:00,false,generated from superseded results and must be regenerated
plot/figures/fig_overall_reliability.pdf,legacy_generated_figures.tar.gz,generated_legacy,derived_artifact,legacy_plot_inputs,not_applicable,not_applicable,0,1,94612,507b9a288d6ce0e1dbf169bd385b33bb561b1a528f79f406a07bc070448353e2,2026-08-09T01:52:19.661549+00:00,false,generated from superseded results and must be regenerated
plot/figures/fig_overall_reliability.svg,legacy_generated_figures.tar.gz,generated_legacy,derived_artifact,legacy_plot_inputs,not_applicable,not_applicable,0,1,33563,a9867808829214f15bda4944a62b58999afdd25891411b564eeb21d3b103756b,2026-08-09T01:52:19.661793+00:00,false,generated from superseded results and must be regenerated
plot/figures/fig_param_iteration.pdf,legacy_generated_figures.tar.gz,generated_legacy,derived_artifact,legacy_plot_inputs,not_applicable,not_applicable,0,1,123689,53799f93001e4cb455225060fe28512827f5e5bdc25247e2c363d47527e28688,2026-08-09T01:52:19.662093+00:00,false,generated from superseded results and must be regenerated
plot/figures/fig_param_iteration.svg,legacy_generated_figures.tar.gz,generated_legacy,derived_artifact,legacy_plot_inputs,not_applicable,not_applicable,0,1,24106,e9f9af7506d0237f4bd74ed0346a35e7f728ae64cbcb686affe306f26f587336,2026-08-09T01:52:19.662287+00:00,false,generated from superseded results and must be regenerated
plot/figures/fig_param_mutation.pdf,legacy_generated_figures.tar.gz,generated_legacy,derived_artifact,legacy_plot_inputs,not_applicable,not_applicable,0,1,123349,d100552efeda41aad61c7e1e5c454dd1e827be1c7c632f0c5dd6cca21be42b8e,2026-08-09T01:52:19.662618+00:00,false,generated from superseded results and must be regenerated
plot/figures/fig_param_mutation.svg,legacy_generated_figures.tar.gz,generated_legacy,derived_artifact,legacy_plot_inputs,not_applicable,not_applicable,0,1,24135,e2d735bbf4a8692d21fc845871f8738b48f71305a4da43fa34906f6c069af412,2026-08-09T01:52:19.662800+00:00,false,generated from superseded results and must be regenerated
plot/figures/fig_param_population.pdf,legacy_generated_figures.tar.gz,generated_legacy,derived_artifact,legacy_plot_inputs,not_applicable,not_applicable,0,1,120380,8145018eb4a1e028f1b114243a64f1794333dca3bce2bb046cbd30a192b9fca6,2026-08-09T01:52:19.663130+00:00,false,generated from superseded results and must be regenerated
plot/figures/fig_param_population.svg,legacy_generated_figures.tar.gz,generated_legacy,derived_artifact,legacy_plot_inputs,not_applicable,not_applicable,0,1,20934,1293ade5a791cf10757f1559d6b948daf86d601f8a1d816c061bb6bedc21c2a3,2026-08-09T01:52:19.663304+00:00,false,generated from superseded results and must be regenerated
plot/figures/fig_pareto_3d.pdf,legacy_generated_figures.tar.gz,generated_legacy,derived_artifact,legacy_plot_inputs,not_applicable,not_applicable,0,1,627930,6da77099f5022820db6c51751793ebf4f12bcce40a2927cbf14c7ad8727a179e,2026-08-09T01:52:19.663835+00:00,false,generated from superseded results and must be regenerated
plot/figures/fig_pareto_3d.svg,legacy_generated_figures.tar.gz,generated_legacy,derived_artifact,legacy_plot_inputs,not_applicable,not_applicable,0,1,45009,46bddcbd82d56b45e2e5a1af8257658286b7f1fd50b1bdc252f7c6f494227f79,2026-08-09T01:52:19.664095+00:00,false,generated from superseded results and must be regenerated
plot/figures/fig_pareto_hv.pdf,legacy_generated_figures.tar.gz,generated_legacy,derived_artifact,legacy_plot_inputs,not_applicable,not_applicable,0,1,154644,8564b254abe97f28ed375e42190539fd0d2600f8f3afecfd51da50e912eb7eb9,2026-08-09T01:52:19.664397+00:00,false,generated from superseded results and must be regenerated
plot/figures/fig_pareto_hv.svg,legacy_generated_figures.tar.gz,generated_legacy,derived_artifact,legacy_plot_inputs,not_applicable,not_applicable,0,1,7151,30f7e87a6f26e82bd79a97c02302178e4ed4f6a2998734d0695bc1e047da7b1d,2026-08-09T01:52:19.664577+00:00,false,generated from superseded results and must be regenerated
plot/figures/fig_preference.pdf,legacy_generated_figures.tar.gz,generated_legacy,derived_artifact,legacy_plot_inputs,not_applicable,not_applicable,0,1,201645,73be8f6cf3c79b8e280c15ada2ecaf3ae5298505c776fdd99d4530666f77487a,2026-08-09T01:52:19.664901+00:00,false,generated from superseded results and must be regenerated
plot/figures/fig_preference.svg,legacy_generated_figures.tar.gz,generated_legacy,derived_artifact,legacy_plot_inputs,not_applicable,not_applicable,0,1,2685,194a8706ea2959eadd63601f29446baf1622593a063fdf23260ad92438c44bf4,2026-08-09T01:52:19.665068+00:00,false,generated from superseded results and must be regenerated
plot/figures/fig_scale.pdf,legacy_generated_figures.tar.gz,generated_legacy,derived_artifact,legacy_plot_inputs,not_applicable,not_applicable,0,1,68132,20e169b51baa6fc4625d65c91350a57ea10816f0b09655a9ab894a3758c934f9,2026-08-09T01:52:19.665301+00:00,false,generated from superseded results and must be regenerated
plot/figures/fig_scale.svg,legacy_generated_figures.tar.gz,generated_legacy,derived_artifact,legacy_plot_inputs,not_applicable,not_applicable,0,1,6294,a53d01bd44683906b7d13b00d50e6a0a16ce8d33babd045fd7218031859a5173,2026-08-09T01:52:19.665615+00:00,false,generated from superseded results and must be regenerated
plot/figures/manifest.json,legacy_generated_figures.tar.gz,generated_legacy,derived_artifact,legacy_plot_inputs,not_applicable,not_applicable,0,1,1251,f16dbf960e2ca5208c13ac0cf7fe276ce31398b1c19f2385e3d7cd21a70b85da,2026-08-09T01:52:19.665831+00:00,false,generated from superseded results and must be regenerated
