task_id,suite,scenario,algorithm,repeat,seed,scenario_parameters,avg_estimated_delay,avg_dynamic_operation_reliability,avg_dynamic_accuracy_reliability,avg_total_energy,rejected_or_failed_count,runtime_ms,metric_version
scale:small:e67a4528ef:proposed:repeat_0:seed_20260719,scale,small,proposed,0,20260719,"{""alpha_a"": 0.5, ""alpha_l"": 0.7, ""alpha_r"": 0.8, ""beta_a"": 0.3, ""beta_l"": 0.4, ""beta_r"": 0.5, ""cloud_count"": 1, ""crossover_probability"": 0.5, ""dnn_count"": 20, ""edge_count"": 10, ""edge_link_factor"": 2.0, ""iteration_limit"": 200, ""lambda_g"": 0.7, ""lambda_h"": 0.7, ""mutation_probability"": 0.25, ""name"": ""small"", ""population_size"": 60, ""preference"": ""adaptive"", ""suite"": ""scale"", ""use_dag_aware_initialization"": true, ""use_dag_block_crossover"": true, ""use_elite_local_search"": true, ""use_skew_mutation"": true, ""user_count"": 30}",640.6363052160821,0.16343073332088995,0.8002900475109165,6774.522785810326,0,79589,
scale:small:e67a4528ef:customized:repeat_0:seed_20260719,scale,small,customized,0,20260719,"{""alpha_a"": 0.5, ""alpha_l"": 0.7, ""alpha_r"": 0.8, ""beta_a"": 0.3, ""beta_l"": 0.4, ""beta_r"": 0.5, ""cloud_count"": 1, ""crossover_probability"": 0.5, ""dnn_count"": 20, ""edge_count"": 10, ""edge_link_factor"": 2.0, ""iteration_limit"": 200, ""lambda_g"": 0.7, ""lambda_h"": 0.7, ""mutation_probability"": 0.25, ""name"": ""small"", ""population_size"": 60, ""preference"": ""adaptive"", ""suite"": ""scale"", ""use_dag_aware_initialization"": true, ""use_dag_block_crossover"": true, ""use_elite_local_search"": true, ""use_skew_mutation"": true, ""user_count"": 30}",510.7356149558811,0.17518380661140576,0.7200929924632279,6380.994464470775,0,62515,
scale:small:e67a4528ef:random:repeat_0:seed_20260719,scale,small,random,0,20260719,"{""alpha_a"": 0.5, ""alpha_l"": 0.7, ""alpha_r"": 0.8, ""beta_a"": 0.3, ""beta_l"": 0.4, ""beta_r"": 0.5, ""cloud_count"": 1, ""crossover_probability"": 0.5, ""dnn_count"": 20, ""edge_count"": 10, ""edge_link_factor"": 2.0, ""iteration_limit"": 200, ""lambda_g"": 0.7, ""lambda_h"": 0.7, ""mutation_probability"": 0.25, ""name"": ""small"", ""population_size"": 60, ""preference"": ""adaptive"", ""suite"": ""scale"", ""use_dag_aware_initialization"": true, ""use_dag_block_crossover"": true, ""use_elite_local_search"": true, ""use_skew_mutation"": true, ""user_count"": 30}",671.4352555048835,0.008140671435863148,0.7063323110164625,11348.572762394473,1,667,
scale:small:e67a4528ef:localfirst:repeat_0:seed_20260719,scale,small,localfirst,0,20260719,"{""alpha_a"": 0.5, ""alpha_l"": 0.7, ""alpha_r"": 0.8, ""beta_a"": 0.3, ""beta_l"": 0.4, ""beta_r"": 0.5, ""cloud_count"": 1, ""crossover_probability"": 0.5, ""dnn_count"": 20, ""edge_count"": 10, ""edge_link_factor"": 2.0, ""iteration_limit"": 200, ""lambda_g"": 0.7, ""lambda_h"": 0.7, ""mutation_probability"": 0.25, ""name"": ""small"", ""population_size"": 60, ""preference"": ""adaptive"", ""suite"": ""scale"", ""use_dag_aware_initialization"": true, ""use_dag_block_crossover"": true, ""use_elite_local_search"": true, ""use_skew_mutation"": true, ""user_count"": 30}",723.9031625516906,0.18002310949941316,0.6008740444154396,7698.793921667442,1,20066,
scale:small:e67a4528ef:maxresource_fast:repeat_0:seed_20260719,scale,small,maxresource_fast,0,20260719,"{""alpha_a"": 0.5, ""alpha_l"": 0.7, ""alpha_r"": 0.8, ""beta_a"": 0.3, ""beta_l"": 0.4, ""beta_r"": 0.5, ""cloud_count"": 1, ""crossover_probability"": 0.5, ""dnn_count"": 20, ""edge_count"": 10, ""edge_link_factor"": 2.0, ""iteration_limit"": 200, ""lambda_g"": 0.7, ""lambda_h"": 0.7, ""mutation_probability"": 0.25, ""name"": ""small"", ""population_size"": 60, ""preference"": ""adaptive"", ""suite"": ""scale"", ""use_dag_aware_initialization"": true, ""use_dag_block_crossover"": true, ""use_elite_local_search"": true, ""use_skew_mutation"": true, ""user_count"": 30}",543.0052099404983,0.04789939187900487,0.6484250498268292,9324.930168384057,0,100,
scale:small:e67a4528ef:rtbl:repeat_0:seed_20260719,scale,small,rtbl,0,20260719,"{""alpha_a"": 0.5, ""alpha_l"": 0.7, ""alpha_r"": 0.8, ""beta_a"": 0.3, ""beta_l"": 0.4, ""beta_r"": 0.5, ""cloud_count"": 1, ""crossover_probability"": 0.5, ""dnn_count"": 20, ""edge_count"": 10, ""edge_link_factor"": 2.0, ""iteration_limit"": 200, ""lambda_g"": 0.7, ""lambda_h"": 0.7, ""mutation_probability"": 0.25, ""name"": ""small"", ""population_size"": 60, ""preference"": ""adaptive"", ""suite"": ""scale"", ""use_dag_aware_initialization"": true, ""use_dag_block_crossover"": true, ""use_elite_local_search"": true, ""use_skew_mutation"": true, ""user_count"": 30}",694.0825601066689,0.3312645778016222,0.8314625393092678,5236.073038721948,12,36,post_admission_v1
scale:small:e67a4528ef:proposed:repeat_1:seed_20260720,scale,small,proposed,1,20260720,"{""alpha_a"": 0.5, ""alpha_l"": 0.7, ""alpha_r"": 0.8, ""beta_a"": 0.3, ""beta_l"": 0.4, ""beta_r"": 0.5, ""cloud_count"": 1, ""crossover_probability"": 0.5, ""dnn_count"": 20, ""edge_count"": 10, ""edge_link_factor"": 2.0, ""iteration_limit"": 200, ""lambda_g"": 0.7, ""lambda_h"": 0.7, ""mutation_probability"": 0.25, ""name"": ""small"", ""population_size"": 60, ""preference"": ""adaptive"", ""suite"": ""scale"", ""use_dag_aware_initialization"": true, ""use_dag_block_crossover"": true, ""use_elite_local_search"": true, ""use_skew_mutation"": true, ""user_count"": 30}",535.9001541767341,0.12792703657949256,0.7099310376626399,6590.548539944885,0,70842,
scale:small:e67a4528ef:customized:repeat_1:seed_20260720,scale,small,customized,1,20260720,"{""alpha_a"": 0.5, ""alpha_l"": 0.7, ""alpha_r"": 0.8, ""beta_a"": 0.3, ""beta_l"": 0.4, ""beta_r"": 0.5, ""cloud_count"": 1, ""crossover_probability"": 0.5, ""dnn_count"": 20, ""edge_count"": 10, ""edge_link_factor"": 2.0, ""iteration_limit"": 200, ""lambda_g"": 0.7, ""lambda_h"": 0.7, ""mutation_probability"": 0.25, ""name"": ""small"", ""population_size"": 60, ""preference"": ""adaptive"", ""suite"": ""scale"", ""use_dag_aware_initialization"": true, ""use_dag_block_crossover"": true, ""use_elite_local_search"": true, ""use_skew_mutation"": true, ""user_count"": 30}",467.8954111915934,0.1708880093128958,0.6974315569675638,5974.317217352109,1,61986,
scale:small:e67a4528ef:random:repeat_1:seed_20260720,scale,small,random,1,20260720,"{""alpha_a"": 0.5, ""alpha_l"": 0.7, ""alpha_r"": 0.8, ""beta_a"": 0.3, ""beta_l"": 0.4, ""beta_r"": 0.5, ""cloud_count"": 1, ""crossover_probability"": 0.5, ""dnn_count"": 20, ""edge_count"": 10, ""edge_link_factor"": 2.0, ""iteration_limit"": 200, ""lambda_g"": 0.7, ""lambda_h"": 0.7, ""mutation_probability"": 0.25, ""name"": ""small"", ""population_size"": 60, ""preference"": ""adaptive"", ""suite"": ""scale"", ""use_dag_aware_initialization"": true, ""use_dag_block_crossover"": true, ""use_elite_local_search"": true, ""use_skew_mutation"": true, ""user_count"": 30}",652.0594998050284,0.002059107094136712,0.6502411211684834,10955.818501708385,0,604,
scale:small:e67a4528ef:localfirst:repeat_1:seed_20260720,scale,small,localfirst,1,20260720,"{""alpha_a"": 0.5, ""alpha_l"": 0.7, ""alpha_r"": 0.8, ""beta_a"": 0.3, ""beta_l"": 0.4, ""beta_r"": 0.5, ""cloud_count"": 1, ""crossover_probability"": 0.5, ""dnn_count"": 20, ""edge_count"": 10, ""edge_link_factor"": 2.0, ""iteration_limit"": 200, ""lambda_g"": 0.7, ""lambda_h"": 0.7, ""mutation_probability"": 0.25, ""name"": ""small"", ""population_size"": 60, ""preference"": ""adaptive"", ""suite"": ""scale"", ""use_dag_aware_initialization"": true, ""use_dag_block_crossover"": true, ""use_elite_local_search"": true, ""use_skew_mutation"": true, ""user_count"": 30}",815.1677826004031,0.11153304202207492,0.5824607981847665,8420.622166306897,0,50546,
scale:small:e67a4528ef:maxresource_fast:repeat_1:seed_20260720,scale,small,maxresource_fast,1,20260720,"{""alpha_a"": 0.5, ""alpha_l"": 0.7, ""alpha_r"": 0.8, ""beta_a"": 0.3, ""beta_l"": 0.4, ""beta_r"": 0.5, ""cloud_count"": 1, ""crossover_probability"": 0.5, ""dnn_count"": 20, ""edge_count"": 10, ""edge_link_factor"": 2.0, ""iteration_limit"": 200, ""lambda_g"": 0.7, ""lambda_h"": 0.7, ""mutation_probability"": 0.25, ""name"": ""small"", ""population_size"": 60, ""preference"": ""adaptive"", ""suite"": ""scale"", ""use_dag_aware_initialization"": true, ""use_dag_block_crossover"": true, ""use_elite_local_search"": true, ""use_skew_mutation"": true, ""user_count"": 30}",450.1142437423382,0.0845254200317089,0.6284258867764234,7158.033738168031,0,98,
scale:small:e67a4528ef:rtbl:repeat_1:seed_20260720,scale,small,rtbl,1,20260720,"{""alpha_a"": 0.5, ""alpha_l"": 0.7, ""alpha_r"": 0.8, ""beta_a"": 0.3, ""beta_l"": 0.4, ""beta_r"": 0.5, ""cloud_count"": 1, ""crossover_probability"": 0.5, ""dnn_count"": 20, ""edge_count"": 10, ""edge_link_factor"": 2.0, ""iteration_limit"": 200, ""lambda_g"": 0.7, ""lambda_h"": 0.7, ""mutation_probability"": 0.25, ""name"": ""small"", ""population_size"": 60, ""preference"": ""adaptive"", ""suite"": ""scale"", ""use_dag_aware_initialization"": true, ""use_dag_block_crossover"": true, ""use_elite_local_search"": true, ""use_skew_mutation"": true, ""user_count"": 30}",515.3890696657146,0.18480057636088534,0.668532398031447,5706.646567326051,13,34,post_admission_v1
scale:small:e67a4528ef:proposed:repeat_2:seed_20260721,scale,small,proposed,2,20260721,"{""alpha_a"": 0.5, ""alpha_l"": 0.7, ""alpha_r"": 0.8, ""beta_a"": 0.3, ""beta_l"": 0.4, ""beta_r"": 0.5, ""cloud_count"": 1, ""crossover_probability"": 0.5, ""dnn_count"": 20, ""edge_count"": 10, ""edge_link_factor"": 2.0, ""iteration_limit"": 200, ""lambda_g"": 0.7, ""lambda_h"": 0.7, ""mutation_probability"": 0.25, ""name"": ""small"", ""population_size"": 60, ""preference"": ""adaptive"", ""suite"": ""scale"", ""use_dag_aware_initialization"": true, ""use_dag_block_crossover"": true, ""use_elite_local_search"": true, ""use_skew_mutation"": true, ""user_count"": 30}",543.4791409699559,0.2460574896743551,0.7878918703451021,5327.091576712819,0,64035,
scale:small:e67a4528ef:customized:repeat_2:seed_20260721,scale,small,customized,2,20260721,"{""alpha_a"": 0.5, ""alpha_l"": 0.7, ""alpha_r"": 0.8, ""beta_a"": 0.3, ""beta_l"": 0.4, ""beta_r"": 0.5, ""cloud_count"": 1, ""crossover_probability"": 0.5, ""dnn_count"": 20, ""edge_count"": 10, ""edge_link_factor"": 2.0, ""iteration_limit"": 200, ""lambda_g"": 0.7, ""lambda_h"": 0.7, ""mutation_probability"": 0.25, ""name"": ""small"", ""population_size"": 60, ""preference"": ""adaptive"", ""suite"": ""scale"", ""use_dag_aware_initialization"": true, ""use_dag_block_crossover"": true, ""use_elite_local_search"": true, ""use_skew_mutation"": true, ""user_count"": 30}",439.8211861364551,0.21080819184200622,0.7422477503710819,5186.129089481552,0,55494,
scale:small:e67a4528ef:random:repeat_2:seed_20260721,scale,small,random,2,20260721,"{""alpha_a"": 0.5, ""alpha_l"": 0.7, ""alpha_r"": 0.8, ""beta_a"": 0.3, ""beta_l"": 0.4, ""beta_r"": 0.5, ""cloud_count"": 1, ""crossover_probability"": 0.5, ""dnn_count"": 20, ""edge_count"": 10, ""edge_link_factor"": 2.0, ""iteration_limit"": 200, ""lambda_g"": 0.7, ""lambda_h"": 0.7, ""mutation_probability"": 0.25, ""name"": ""small"", ""population_size"": 60, ""preference"": ""adaptive"", ""suite"": ""scale"", ""use_dag_aware_initialization"": true, ""use_dag_block_crossover"": true, ""use_elite_local_search"": true, ""use_skew_mutation"": true, ""user_count"": 30}",563.9267245387351,0.0198955903724678,0.7065452128595772,9260.024142465252,0,499,
scale:small:e67a4528ef:localfirst:repeat_2:seed_20260721,scale,small,localfirst,2,20260721,"{""alpha_a"": 0.5, ""alpha_l"": 0.7, ""alpha_r"": 0.8, ""beta_a"": 0.3, ""beta_l"": 0.4, ""beta_r"": 0.5, ""cloud_count"": 1, ""crossover_probability"": 0.5, ""dnn_count"": 20, ""edge_count"": 10, ""edge_link_factor"": 2.0, ""iteration_limit"": 200, ""lambda_g"": 0.7, ""lambda_h"": 0.7, ""mutation_probability"": 0.25, ""name"": ""small"", ""population_size"": 60, ""preference"": ""adaptive"", ""suite"": ""scale"", ""use_dag_aware_initialization"": true, ""use_dag_block_crossover"": true, ""use_elite_local_search"": true, ""use_skew_mutation"": true, ""user_count"": 30}",807.857750174285,0.1616124641466951,0.590312486012422,7213.7574810764145,0,65176,
scale:small:e67a4528ef:maxresource_fast:repeat_2:seed_20260721,scale,small,maxresource_fast,2,20260721,"{""alpha_a"": 0.5, ""alpha_l"": 0.7, ""alpha_r"": 0.8, ""beta_a"": 0.3, ""beta_l"": 0.4, ""beta_r"": 0.5, ""cloud_count"": 1, ""crossover_probability"": 0.5, ""dnn_count"": 20, ""edge_count"": 10, ""edge_link_factor"": 2.0, ""iteration_limit"": 200, ""lambda_g"": 0.7, ""lambda_h"": 0.7, ""mutation_probability"": 0.25, ""name"": ""small"", ""population_size"": 60, ""preference"": ""adaptive"", ""suite"": ""scale"", ""use_dag_aware_initialization"": true, ""use_dag_block_crossover"": true, ""use_elite_local_search"": true, ""use_skew_mutation"": true, ""user_count"": 30}",464.1211648278028,0.09777598036002388,0.6796926371779234,7019.802940540614,0,79,
scale:small:e67a4528ef:rtbl:repeat_2:seed_20260721,scale,small,rtbl,2,20260721,"{""alpha_a"": 0.5, ""alpha_l"": 0.7, ""alpha_r"": 0.8, ""beta_a"": 0.3, ""beta_l"": 0.4, ""beta_r"": 0.5, ""cloud_count"": 1, ""crossover_probability"": 0.5, ""dnn_count"": 20, ""edge_count"": 10, ""edge_link_factor"": 2.0, ""iteration_limit"": 200, ""lambda_g"": 0.7, ""lambda_h"": 0.7, ""mutation_probability"": 0.25, ""name"": ""small"", ""population_size"": 60, ""preference"": ""adaptive"", ""suite"": ""scale"", ""use_dag_aware_initialization"": true, ""use_dag_block_crossover"": true, ""use_elite_local_search"": true, ""use_skew_mutation"": true, ""user_count"": 30}",469.9510095442491,0.21444890651998438,0.5922053300536078,5101.538616886553,1,52,post_admission_v1
scale:small:e67a4528ef:proposed:repeat_3:seed_20260722,scale,small,proposed,3,20260722,"{""alpha_a"": 0.5, ""alpha_l"": 0.7, ""alpha_r"": 0.8, ""beta_a"": 0.3, ""beta_l"": 0.4, ""beta_r"": 0.5, ""cloud_count"": 1, ""crossover_probability"": 0.5, ""dnn_count"": 20, ""edge_count"": 10, ""edge_link_factor"": 2.0, ""iteration_limit"": 200, ""lambda_g"": 0.7, ""lambda_h"": 0.7, ""mutation_probability"": 0.25, ""name"": ""small"", ""population_size"": 60, ""preference"": ""adaptive"", ""suite"": ""scale"", ""use_dag_aware_initialization"": true, ""use_dag_block_crossover"": true, ""use_elite_local_search"": true, ""use_skew_mutation"": true, ""user_count"": 30}",561.9296718992871,0.1817116946764771,0.8416862629837105,6586.061771020584,0,71113,
scale:small:e67a4528ef:customized:repeat_3:seed_20260722,scale,small,customized,3,20260722,"{""alpha_a"": 0.5, ""alpha_l"": 0.7, ""alpha_r"": 0.8, ""beta_a"": 0.3, ""beta_l"": 0.4, ""beta_r"": 0.5, ""cloud_count"": 1, ""crossover_probability"": 0.5, ""dnn_count"": 20, ""edge_count"": 10, ""edge_link_factor"": 2.0, ""iteration_limit"": 200, ""lambda_g"": 0.7, ""lambda_h"": 0.7, ""mutation_probability"": 0.25, ""name"": ""small"", ""population_size"": 60, ""preference"": ""adaptive"", ""suite"": ""scale"", ""use_dag_aware_initialization"": true, ""use_dag_block_crossover"": true, ""use_elite_local_search"": true, ""use_skew_mutation"": true, ""user_count"": 30}",497.89820124549044,0.22331365000097797,0.7985199432054919,5688.52827539214,0,59757,
scale:small:e67a4528ef:random:repeat_3:seed_20260722,scale,small,random,3,20260722,"{""alpha_a"": 0.5, ""alpha_l"": 0.7, ""alpha_r"": 0.8, ""beta_a"": 0.3, ""beta_l"": 0.4, ""beta_r"": 0.5, ""cloud_count"": 1, ""crossover_probability"": 0.5, ""dnn_count"": 20, ""edge_count"": 10, ""edge_link_factor"": 2.0, ""iteration_limit"": 200, ""lambda_g"": 0.7, ""lambda_h"": 0.7, ""mutation_probability"": 0.25, ""name"": ""small"", ""population_size"": 60, ""preference"": ""adaptive"", ""suite"": ""scale"", ""use_dag_aware_initialization"": true, ""use_dag_block_crossover"": true, ""use_elite_local_search"": true, ""use_skew_mutation"": true, ""user_count"": 30}",550.2922043390024,0.007312237934742635,0.708803098861732,10395.660509427284,0,565,
scale:small:e67a4528ef:localfirst:repeat_3:seed_20260722,scale,small,localfirst,3,20260722,"{""alpha_a"": 0.5, ""alpha_l"": 0.7, ""alpha_r"": 0.8, ""beta_a"": 0.3, ""beta_l"": 0.4, ""beta_r"": 0.5, ""cloud_count"": 1, ""crossover_probability"": 0.5, ""dnn_count"": 20, ""edge_count"": 10, ""edge_link_factor"": 2.0, ""iteration_limit"": 200, ""lambda_g"": 0.7, ""lambda_h"": 0.7, ""mutation_probability"": 0.25, ""name"": ""small"", ""population_size"": 60, ""preference"": ""adaptive"", ""suite"": ""scale"", ""use_dag_aware_initialization"": true, ""use_dag_block_crossover"": true, ""use_elite_local_search"": true, ""use_skew_mutation"": true, ""user_count"": 30}",695.1824379844888,0.1371543716410512,0.5979685001101591,6896.354345572217,0,40155,
scale:small:e67a4528ef:maxresource_fast:repeat_3:seed_20260722,scale,small,maxresource_fast,3,20260722,"{""alpha_a"": 0.5, ""alpha_l"": 0.7, ""alpha_r"": 0.8, ""beta_a"": 0.3, ""beta_l"": 0.4, ""beta_r"": 0.5, ""cloud_count"": 1, ""crossover_probability"": 0.5, ""dnn_count"": 20, ""edge_count"": 10, ""edge_link_factor"": 2.0, ""iteration_limit"": 200, ""lambda_g"": 0.7, ""lambda_h"": 0.7, ""mutation_probability"": 0.25, ""name"": ""small"", ""population_size"": 60, ""preference"": ""adaptive"", ""suite"": ""scale"", ""use_dag_aware_initialization"": true, ""use_dag_block_crossover"": true, ""use_elite_local_search"": true, ""use_skew_mutation"": true, ""user_count"": 30}",439.89419635906427,0.08730813220250505,0.6898754259368354,7386.248694509648,0,88,
scale:small:e67a4528ef:rtbl:repeat_3:seed_20260722,scale,small,rtbl,3,20260722,"{""alpha_a"": 0.5, ""alpha_l"": 0.7, ""alpha_r"": 0.8, ""beta_a"": 0.3, ""beta_l"": 0.4, ""beta_r"": 0.5, ""cloud_count"": 1, ""crossover_probability"": 0.5, ""dnn_count"": 20, ""edge_count"": 10, ""edge_link_factor"": 2.0, ""iteration_limit"": 200, ""lambda_g"": 0.7, ""lambda_h"": 0.7, ""mutation_probability"": 0.25, ""name"": ""small"", ""population_size"": 60, ""preference"": ""adaptive"", ""suite"": ""scale"", ""use_dag_aware_initialization"": true, ""use_dag_block_crossover"": true, ""use_elite_local_search"": true, ""use_skew_mutation"": true, ""user_count"": 30}",740.4266446644634,0.24555891804285512,0.7737567988569193,4687.239958780283,14,24,post_admission_v1
scale:small:e67a4528ef:proposed:repeat_4:seed_20260723,scale,small,proposed,4,20260723,"{""alpha_a"": 0.5, ""alpha_l"": 0.7, ""alpha_r"": 0.8, ""beta_a"": 0.3, ""beta_l"": 0.4, ""beta_r"": 0.5, ""cloud_count"": 1, ""crossover_probability"": 0.5, ""dnn_count"": 20, ""edge_count"": 10, ""edge_link_factor"": 2.0, ""iteration_limit"": 200, ""lambda_g"": 0.7, ""lambda_h"": 0.7, ""mutation_probability"": 0.25, ""name"": ""small"", ""population_size"": 60, ""preference"": ""adaptive"", ""suite"": ""scale"", ""use_dag_aware_initialization"": true, ""use_dag_block_crossover"": true, ""use_elite_local_search"": true, ""use_skew_mutation"": true, ""user_count"": 30}",754.3226524609183,0.19694109653922853,0.7950599991924697,6147.268514812038,0,66391,
scale:small:e67a4528ef:customized:repeat_4:seed_20260723,scale,small,customized,4,20260723,"{""alpha_a"": 0.5, ""alpha_l"": 0.7, ""alpha_r"": 0.8, ""beta_a"": 0.3, ""beta_l"": 0.4, ""beta_r"": 0.5, ""cloud_count"": 1, ""crossover_probability"": 0.5, ""dnn_count"": 20, ""edge_count"": 10, ""edge_link_factor"": 2.0, ""iteration_limit"": 200, ""lambda_g"": 0.7, ""lambda_h"": 0.7, ""mutation_probability"": 0.25, ""name"": ""small"", ""population_size"": 60, ""preference"": ""adaptive"", ""suite"": ""scale"", ""use_dag_aware_initialization"": true, ""use_dag_block_crossover"": true, ""use_elite_local_search"": true, ""use_skew_mutation"": true, ""user_count"": 30}",494.237837213081,0.1805176954016009,0.7602879046066671,5523.303117546946,0,58340,
scale:small:e67a4528ef:random:repeat_4:seed_20260723,scale,small,random,4,20260723,"{""alpha_a"": 0.5, ""alpha_l"": 0.7, ""alpha_r"": 0.8, ""beta_a"": 0.3, ""beta_l"": 0.4, ""beta_r"": 0.5, ""cloud_count"": 1, ""crossover_probability"": 0.5, ""dnn_count"": 20, ""edge_count"": 10, ""edge_link_factor"": 2.0, ""iteration_limit"": 200, ""lambda_g"": 0.7, ""lambda_h"": 0.7, ""mutation_probability"": 0.25, ""name"": ""small"", ""population_size"": 60, ""preference"": ""adaptive"", ""suite"": ""scale"", ""use_dag_aware_initialization"": true, ""use_dag_block_crossover"": true, ""use_elite_local_search"": true, ""use_skew_mutation"": true, ""user_count"": 30}",770.2384992524934,0.012597611461709124,0.6919923502226936,10124.295558507834,1,615,
scale:small:e67a4528ef:localfirst:repeat_4:seed_20260723,scale,small,localfirst,4,20260723,"{""alpha_a"": 0.5, ""alpha_l"": 0.7, ""alpha_r"": 0.8, ""beta_a"": 0.3, ""beta_l"": 0.4, ""beta_r"": 0.5, ""cloud_count"": 1, ""crossover_probability"": 0.5, ""dnn_count"": 20, ""edge_count"": 10, ""edge_link_factor"": 2.0, ""iteration_limit"": 200, ""lambda_g"": 0.7, ""lambda_h"": 0.7, ""mutation_probability"": 0.25, ""name"": ""small"", ""population_size"": 60, ""preference"": ""adaptive"", ""suite"": ""scale"", ""use_dag_aware_initialization"": true, ""use_dag_block_crossover"": true, ""use_elite_local_search"": true, ""use_skew_mutation"": true, ""user_count"": 30}",836.5675267350856,0.11653379330217639,0.5825590299017233,7877.212201968992,0,40098,
scale:small:e67a4528ef:maxresource_fast:repeat_4:seed_20260723,scale,small,maxresource_fast,4,20260723,"{""alpha_a"": 0.5, ""alpha_l"": 0.7, ""alpha_r"": 0.8, ""beta_a"": 0.3, ""beta_l"": 0.4, ""beta_r"": 0.5, ""cloud_count"": 1, ""crossover_probability"": 0.5, ""dnn_count"": 20, ""edge_count"": 10, ""edge_link_factor"": 2.0, ""iteration_limit"": 200, ""lambda_g"": 0.7, ""lambda_h"": 0.7, ""mutation_probability"": 0.25, ""name"": ""small"", ""population_size"": 60, ""preference"": ""adaptive"", ""suite"": ""scale"", ""use_dag_aware_initialization"": true, ""use_dag_block_crossover"": true, ""use_elite_local_search"": true, ""use_skew_mutation"": true, ""user_count"": 30}",585.1777562947466,0.045036663874735636,0.6376491866634263,8795.182389503283,0,92,
scale:small:e67a4528ef:rtbl:repeat_4:seed_20260723,scale,small,rtbl,4,20260723,"{""alpha_a"": 0.5, ""alpha_l"": 0.7, ""alpha_r"": 0.8, ""beta_a"": 0.3, ""beta_l"": 0.4, ""beta_r"": 0.5, ""cloud_count"": 1, ""crossover_probability"": 0.5, ""dnn_count"": 20, ""edge_count"": 10, ""edge_link_factor"": 2.0, ""iteration_limit"": 200, ""lambda_g"": 0.7, ""lambda_h"": 0.7, ""mutation_probability"": 0.25, ""name"": ""small"", ""population_size"": 60, ""preference"": ""adaptive"", ""suite"": ""scale"", ""use_dag_aware_initialization"": true, ""use_dag_block_crossover"": true, ""use_elite_local_search"": true, ""use_skew_mutation"": true, ""user_count"": 30}",534.5699282163682,0.20185628249025772,0.6591389610506939,5830.880611028842,7,47,post_admission_v1
scale:small:e67a4528ef:proposed:repeat_5:seed_20260724,scale,small,proposed,5,20260724,"{""alpha_a"": 0.5, ""alpha_l"": 0.7, ""alpha_r"": 0.8, ""beta_a"": 0.3, ""beta_l"": 0.4, ""beta_r"": 0.5, ""cloud_count"": 1, ""crossover_probability"": 0.5, ""dnn_count"": 20, ""edge_count"": 10, ""edge_link_factor"": 2.0, ""iteration_limit"": 200, ""lambda_g"": 0.7, ""lambda_h"": 0.7, ""mutation_probability"": 0.25, ""name"": ""small"", ""population_size"": 60, ""preference"": ""adaptive"", ""suite"": ""scale"", ""use_dag_aware_initialization"": true, ""use_dag_block_crossover"": true, ""use_elite_local_search"": true, ""use_skew_mutation"": true, ""user_count"": 30}",521.3868097556126,0.16246392009009836,0.7621243725192131,6411.6205135141445,0,66837,
scale:small:e67a4528ef:customized:repeat_5:seed_20260724,scale,small,customized,5,20260724,"{""alpha_a"": 0.5, ""alpha_l"": 0.7, ""alpha_r"": 0.8, ""beta_a"": 0.3, ""beta_l"": 0.4, ""beta_r"": 0.5, ""cloud_count"": 1, ""crossover_probability"": 0.5, ""dnn_count"": 20, ""edge_count"": 10, ""edge_link_factor"": 2.0, ""iteration_limit"": 200, ""lambda_g"": 0.7, ""lambda_h"": 0.7, ""mutation_probability"": 0.25, ""name"": ""small"", ""population_size"": 60, ""preference"": ""adaptive"", ""suite"": ""scale"", ""use_dag_aware_initialization"": true, ""use_dag_block_crossover"": true, ""use_elite_local_search"": true, ""use_skew_mutation"": true, ""user_count"": 30}",494.80115603431074,0.1670719558050952,0.7541875890656055,6316.676856267211,1,58539,
scale:small:e67a4528ef:random:repeat_5:seed_20260724,scale,small,random,5,20260724,"{""alpha_a"": 0.5, ""alpha_l"": 0.7, ""alpha_r"": 0.8, ""beta_a"": 0.3, ""beta_l"": 0.4, ""beta_r"": 0.5, ""cloud_count"": 1, ""crossover_probability"": 0.5, ""dnn_count"": 20, ""edge_count"": 10, ""edge_link_factor"": 2.0, ""iteration_limit"": 200, ""lambda_g"": 0.7, ""lambda_h"": 0.7, ""mutation_probability"": 0.25, ""name"": ""small"", ""population_size"": 60, ""preference"": ""adaptive"", ""suite"": ""scale"", ""use_dag_aware_initialization"": true, ""use_dag_block_crossover"": true, ""use_elite_local_search"": true, ""use_skew_mutation"": true, ""user_count"": 30}",577.5344944485184,0.015314268646634701,0.6962545100106426,10341.355641346627,1,536,
scale:small:e67a4528ef:localfirst:repeat_5:seed_20260724,scale,small,localfirst,5,20260724,"{""alpha_a"": 0.5, ""alpha_l"": 0.7, ""alpha_r"": 0.8, ""beta_a"": 0.3, ""beta_l"": 0.4, ""beta_r"": 0.5, ""cloud_count"": 1, ""crossover_probability"": 0.5, ""dnn_count"": 20, ""edge_count"": 10, ""edge_link_factor"": 2.0, ""iteration_limit"": 200, ""lambda_g"": 0.7, ""lambda_h"": 0.7, ""mutation_probability"": 0.25, ""name"": ""small"", ""population_size"": 60, ""preference"": ""adaptive"", ""suite"": ""scale"", ""use_dag_aware_initialization"": true, ""use_dag_block_crossover"": true, ""use_elite_local_search"": true, ""use_skew_mutation"": true, ""user_count"": 30}",832.7796641016678,0.17900254669310647,0.6081744015402709,8207.105437905144,1,36649,
scale:small:e67a4528ef:maxresource_fast:repeat_5:seed_20260724,scale,small,maxresource_fast,5,20260724,"{""alpha_a"": 0.5, ""alpha_l"": 0.7, ""alpha_r"": 0.8, ""beta_a"": 0.3, ""beta_l"": 0.4, ""beta_r"": 0.5, ""cloud_count"": 1, ""crossover_probability"": 0.5, ""dnn_count"": 20, ""edge_count"": 10, ""edge_link_factor"": 2.0, ""iteration_limit"": 200, ""lambda_g"": 0.7, ""lambda_h"": 0.7, ""mutation_probability"": 0.25, ""name"": ""small"", ""population_size"": 60, ""preference"": ""adaptive"", ""suite"": ""scale"", ""use_dag_aware_initialization"": true, ""use_dag_block_crossover"": true, ""use_elite_local_search"": true, ""use_skew_mutation"": true, ""user_count"": 30}",507.0982339835795,0.08341106794087086,0.6889939497711425,8094.991953081628,1,3092,
scale:small:e67a4528ef:rtbl:repeat_5:seed_20260724,scale,small,rtbl,5,20260724,"{""alpha_a"": 0.5, ""alpha_l"": 0.7, ""alpha_r"": 0.8, ""beta_a"": 0.3, ""beta_l"": 0.4, ""beta_r"": 0.5, ""cloud_count"": 1, ""crossover_probability"": 0.5, ""dnn_count"": 20, ""edge_count"": 10, ""edge_link_factor"": 2.0, ""iteration_limit"": 200, ""lambda_g"": 0.7, ""lambda_h"": 0.7, ""mutation_probability"": 0.25, ""name"": ""small"", ""population_size"": 60, ""preference"": ""adaptive"", ""suite"": ""scale"", ""use_dag_aware_initialization"": true, ""use_dag_block_crossover"": true, ""use_elite_local_search"": true, ""use_skew_mutation"": true, ""user_count"": 30}",513.3302670673781,0.10923247754264025,0.6090279134579762,6630.072186255479,2,93,post_admission_v1
scale:small:e67a4528ef:proposed:repeat_6:seed_20260725,scale,small,proposed,6,20260725,"{""alpha_a"": 0.5, ""alpha_l"": 0.7, ""alpha_r"": 0.8, ""beta_a"": 0.3, ""beta_l"": 0.4, ""beta_r"": 0.5, ""cloud_count"": 1, ""crossover_probability"": 0.5, ""dnn_count"": 20, ""edge_count"": 10, ""edge_link_factor"": 2.0, ""iteration_limit"": 200, ""lambda_g"": 0.7, ""lambda_h"": 0.7, ""mutation_probability"": 0.25, ""name"": ""small"", ""population_size"": 60, ""preference"": ""adaptive"", ""suite"": ""scale"", ""use_dag_aware_initialization"": true, ""use_dag_block_crossover"": true, ""use_elite_local_search"": true, ""use_skew_mutation"": true, ""user_count"": 30}",697.6153716320885,0.17253838238821254,0.8125499344060435,6362.718865775428,0,66307,
scale:small:e67a4528ef:customized:repeat_6:seed_20260725,scale,small,customized,6,20260725,"{""alpha_a"": 0.5, ""alpha_l"": 0.7, ""alpha_r"": 0.8, ""beta_a"": 0.3, ""beta_l"": 0.4, ""beta_r"": 0.5, ""cloud_count"": 1, ""crossover_probability"": 0.5, ""dnn_count"": 20, ""edge_count"": 10, ""edge_link_factor"": 2.0, ""iteration_limit"": 200, ""lambda_g"": 0.7, ""lambda_h"": 0.7, ""mutation_probability"": 0.25, ""name"": ""small"", ""population_size"": 60, ""preference"": ""adaptive"", ""suite"": ""scale"", ""use_dag_aware_initialization"": true, ""use_dag_block_crossover"": true, ""use_elite_local_search"": true, ""use_skew_mutation"": true, ""user_count"": 30}",503.42054917426395,0.22561671906122316,0.7306915449605224,5525.109041978295,1,57103,
scale:small:e67a4528ef:random:repeat_6:seed_20260725,scale,small,random,6,20260725,"{""alpha_a"": 0.5, ""alpha_l"": 0.7, ""alpha_r"": 0.8, ""beta_a"": 0.3, ""beta_l"": 0.4, ""beta_r"": 0.5, ""cloud_count"": 1, ""crossover_probability"": 0.5, ""dnn_count"": 20, ""edge_count"": 10, ""edge_link_factor"": 2.0, ""iteration_limit"": 200, ""lambda_g"": 0.7, ""lambda_h"": 0.7, ""mutation_probability"": 0.25, ""name"": ""small"", ""population_size"": 60, ""preference"": ""adaptive"", ""suite"": ""scale"", ""use_dag_aware_initialization"": true, ""use_dag_block_crossover"": true, ""use_elite_local_search"": true, ""use_skew_mutation"": true, ""user_count"": 30}",722.5169031986034,0.012863373550780354,0.7003972851868674,10242.346721544884,2,540,
scale:small:e67a4528ef:localfirst:repeat_6:seed_20260725,scale,small,localfirst,6,20260725,"{""alpha_a"": 0.5, ""alpha_l"": 0.7, ""alpha_r"": 0.8, ""beta_a"": 0.3, ""beta_l"": 0.4, ""beta_r"": 0.5, ""cloud_count"": 1, ""crossover_probability"": 0.5, ""dnn_count"": 20, ""edge_count"": 10, ""edge_link_factor"": 2.0, ""iteration_limit"": 200, ""lambda_g"": 0.7, ""lambda_h"": 0.7, ""mutation_probability"": 0.25, ""name"": ""small"", ""population_size"": 60, ""preference"": ""adaptive"", ""suite"": ""scale"", ""use_dag_aware_initialization"": true, ""use_dag_block_crossover"": true, ""use_elite_local_search"": true, ""use_skew_mutation"": true, ""user_count"": 30}",967.3771104517357,0.193499251612757,0.5942318737877513,8450.722290676034,0,40085,
scale:small:e67a4528ef:maxresource_fast:repeat_6:seed_20260725,scale,small,maxresource_fast,6,20260725,"{""alpha_a"": 0.5, ""alpha_l"": 0.7, ""alpha_r"": 0.8, ""beta_a"": 0.3, ""beta_l"": 0.4, ""beta_r"": 0.5, ""cloud_count"": 1, ""crossover_probability"": 0.5, ""dnn_count"": 20, ""edge_count"": 10, ""edge_link_factor"": 2.0, ""iteration_limit"": 200, ""lambda_g"": 0.7, ""lambda_h"": 0.7, ""mutation_probability"": 0.25, ""name"": ""small"", ""population_size"": 60, ""preference"": ""adaptive"", ""suite"": ""scale"", ""use_dag_aware_initialization"": true, ""use_dag_block_crossover"": true, ""use_elite_local_search"": true, ""use_skew_mutation"": true, ""user_count"": 30}",499.79462005925126,0.1091857090779533,0.6902484924005803,6901.391155592534,0,80,
scale:small:e67a4528ef:rtbl:repeat_6:seed_20260725,scale,small,rtbl,6,20260725,"{""alpha_a"": 0.5, ""alpha_l"": 0.7, ""alpha_r"": 0.8, ""beta_a"": 0.3, ""beta_l"": 0.4, ""beta_r"": 0.5, ""cloud_count"": 1, ""crossover_probability"": 0.5, ""dnn_count"": 20, ""edge_count"": 10, ""edge_link_factor"": 2.0, ""iteration_limit"": 200, ""lambda_g"": 0.7, ""lambda_h"": 0.7, ""mutation_probability"": 0.25, ""name"": ""small"", ""population_size"": 60, ""preference"": ""adaptive"", ""suite"": ""scale"", ""use_dag_aware_initialization"": true, ""use_dag_block_crossover"": true, ""use_elite_local_search"": true, ""use_skew_mutation"": true, ""user_count"": 30}",629.0313818850807,0.19542542930778162,0.6882288178800845,5763.926526821437,8,46,post_admission_v1
scale:small:e67a4528ef:proposed:repeat_7:seed_20260726,scale,small,proposed,7,20260726,"{""alpha_a"": 0.5, ""alpha_l"": 0.7, ""alpha_r"": 0.8, ""beta_a"": 0.3, ""beta_l"": 0.4, ""beta_r"": 0.5, ""cloud_count"": 1, ""crossover_probability"": 0.5, ""dnn_count"": 20, ""edge_count"": 10, ""edge_link_factor"": 2.0, ""iteration_limit"": 200, ""lambda_g"": 0.7, ""lambda_h"": 0.7, ""mutation_probability"": 0.25, ""name"": ""small"", ""population_size"": 60, ""preference"": ""adaptive"", ""suite"": ""scale"", ""use_dag_aware_initialization"": true, ""use_dag_block_crossover"": true, ""use_elite_local_search"": true, ""use_skew_mutation"": true, ""user_count"": 30}",564.9280082565281,0.16690012768108325,0.7551847786429796,6316.37923182803,0,66966,
scale:small:e67a4528ef:customized:repeat_7:seed_20260726,scale,small,customized,7,20260726,"{""alpha_a"": 0.5, ""alpha_l"": 0.7, ""alpha_r"": 0.8, ""beta_a"": 0.3, ""beta_l"": 0.4, ""beta_r"": 0.5, ""cloud_count"": 1, ""crossover_probability"": 0.5, ""dnn_count"": 20, ""edge_count"": 10, ""edge_link_factor"": 2.0, ""iteration_limit"": 200, ""lambda_g"": 0.7, ""lambda_h"": 0.7, ""mutation_probability"": 0.25, ""name"": ""small"", ""population_size"": 60, ""preference"": ""adaptive"", ""suite"": ""scale"", ""use_dag_aware_initialization"": true, ""use_dag_block_crossover"": true, ""use_elite_local_search"": true, ""use_skew_mutation"": true, ""user_count"": 30}",446.5245882010674,0.18816123616740477,0.6904522479666411,5805.468147126228,0,58422,
scale:small:e67a4528ef:random:repeat_7:seed_20260726,scale,small,random,7,20260726,"{""alpha_a"": 0.5, ""alpha_l"": 0.7, ""alpha_r"": 0.8, ""beta_a"": 0.3, ""beta_l"": 0.4, ""beta_r"": 0.5, ""cloud_count"": 1, ""crossover_probability"": 0.5, ""dnn_count"": 20, ""edge_count"": 10, ""edge_link_factor"": 2.0, ""iteration_limit"": 200, ""lambda_g"": 0.7, ""lambda_h"": 0.7, ""mutation_probability"": 0.25, ""name"": ""small"", ""population_size"": 60, ""preference"": ""adaptive"", ""suite"": ""scale"", ""use_dag_aware_initialization"": true, ""use_dag_block_crossover"": true, ""use_elite_local_search"": true, ""use_skew_mutation"": true, ""user_count"": 30}",647.4752025489767,0.005644883297645447,0.690939657027589,10485.89588526727,1,552,
scale:small:e67a4528ef:localfirst:repeat_7:seed_20260726,scale,small,localfirst,7,20260726,"{""alpha_a"": 0.5, ""alpha_l"": 0.7, ""alpha_r"": 0.8, ""beta_a"": 0.3, ""beta_l"": 0.4, ""beta_r"": 0.5, ""cloud_count"": 1, ""crossover_probability"": 0.5, ""dnn_count"": 20, ""edge_count"": 10, ""edge_link_factor"": 2.0, ""iteration_limit"": 200, ""lambda_g"": 0.7, ""lambda_h"": 0.7, ""mutation_probability"": 0.25, ""name"": ""small"", ""population_size"": 60, ""preference"": ""adaptive"", ""suite"": ""scale"", ""use_dag_aware_initialization"": true, ""use_dag_block_crossover"": true, ""use_elite_local_search"": true, ""use_skew_mutation"": true, ""user_count"": 30}",826.7884782294963,0.15050355491660453,0.5890316827391417,7924.2646464491845,0,20267,
scale:small:e67a4528ef:maxresource_fast:repeat_7:seed_20260726,scale,small,maxresource_fast,7,20260726,"{""alpha_a"": 0.5, ""alpha_l"": 0.7, ""alpha_r"": 0.8, ""beta_a"": 0.3, ""beta_l"": 0.4, ""beta_r"": 0.5, ""cloud_count"": 1, ""crossover_probability"": 0.5, ""dnn_count"": 20, ""edge_count"": 10, ""edge_link_factor"": 2.0, ""iteration_limit"": 200, ""lambda_g"": 0.7, ""lambda_h"": 0.7, ""mutation_probability"": 0.25, ""name"": ""small"", ""population_size"": 60, ""preference"": ""adaptive"", ""suite"": ""scale"", ""use_dag_aware_initialization"": true, ""use_dag_block_crossover"": true, ""use_elite_local_search"": true, ""use_skew_mutation"": true, ""user_count"": 30}",501.0345599808558,0.056904545795695,0.641150805326187,8382.669506686823,0,84,
scale:small:e67a4528ef:rtbl:repeat_7:seed_20260726,scale,small,rtbl,7,20260726,"{""alpha_a"": 0.5, ""alpha_l"": 0.7, ""alpha_r"": 0.8, ""beta_a"": 0.3, ""beta_l"": 0.4, ""beta_r"": 0.5, ""cloud_count"": 1, ""crossover_probability"": 0.5, ""dnn_count"": 20, ""edge_count"": 10, ""edge_link_factor"": 2.0, ""iteration_limit"": 200, ""lambda_g"": 0.7, ""lambda_h"": 0.7, ""mutation_probability"": 0.25, ""name"": ""small"", ""population_size"": 60, ""preference"": ""adaptive"", ""suite"": ""scale"", ""use_dag_aware_initialization"": true, ""use_dag_block_crossover"": true, ""use_elite_local_search"": true, ""use_skew_mutation"": true, ""user_count"": 30}",544.4431452561457,0.16534226703017502,0.6062556801775747,6090.768368758351,9,41,post_admission_v1
scale:small:e67a4528ef:proposed:repeat_8:seed_20260727,scale,small,proposed,8,20260727,"{""alpha_a"": 0.5, ""alpha_l"": 0.7, ""alpha_r"": 0.8, ""beta_a"": 0.3, ""beta_l"": 0.4, ""beta_r"": 0.5, ""cloud_count"": 1, ""crossover_probability"": 0.5, ""dnn_count"": 20, ""edge_count"": 10, ""edge_link_factor"": 2.0, ""iteration_limit"": 200, ""lambda_g"": 0.7, ""lambda_h"": 0.7, ""mutation_probability"": 0.25, ""name"": ""small"", ""population_size"": 60, ""preference"": ""adaptive"", ""suite"": ""scale"", ""use_dag_aware_initialization"": true, ""use_dag_block_crossover"": true, ""use_elite_local_search"": true, ""use_skew_mutation"": true, ""user_count"": 30}",625.5295228073628,0.16049798419719852,0.7862169489859989,6311.8684464271355,0,67763,
scale:small:e67a4528ef:customized:repeat_8:seed_20260727,scale,small,customized,8,20260727,"{""alpha_a"": 0.5, ""alpha_l"": 0.7, ""alpha_r"": 0.8, ""beta_a"": 0.3, ""beta_l"": 0.4, ""beta_r"": 0.5, ""cloud_count"": 1, ""crossover_probability"": 0.5, ""dnn_count"": 20, ""edge_count"": 10, ""edge_link_factor"": 2.0, ""iteration_limit"": 200, ""lambda_g"": 0.7, ""lambda_h"": 0.7, ""mutation_probability"": 0.25, ""name"": ""small"", ""population_size"": 60, ""preference"": ""adaptive"", ""suite"": ""scale"", ""use_dag_aware_initialization"": true, ""use_dag_block_crossover"": true, ""use_elite_local_search"": true, ""use_skew_mutation"": true, ""user_count"": 30}",464.7528572018914,0.17497307382537752,0.7535649951620512,6006.926653390132,1,56874,
scale:small:e67a4528ef:random:repeat_8:seed_20260727,scale,small,random,8,20260727,"{""alpha_a"": 0.5, ""alpha_l"": 0.7, ""alpha_r"": 0.8, ""beta_a"": 0.3, ""beta_l"": 0.4, ""beta_r"": 0.5, ""cloud_count"": 1, ""crossover_probability"": 0.5, ""dnn_count"": 20, ""edge_count"": 10, ""edge_link_factor"": 2.0, ""iteration_limit"": 200, ""lambda_g"": 0.7, ""lambda_h"": 0.7, ""mutation_probability"": 0.25, ""name"": ""small"", ""population_size"": 60, ""preference"": ""adaptive"", ""suite"": ""scale"", ""use_dag_aware_initialization"": true, ""use_dag_block_crossover"": true, ""use_elite_local_search"": true, ""use_skew_mutation"": true, ""user_count"": 30}",585.6806120891323,0.0052091156538935715,0.6996786860980792,10463.608332334372,1,536,
scale:small:e67a4528ef:localfirst:repeat_8:seed_20260727,scale,small,localfirst,8,20260727,"{""alpha_a"": 0.5, ""alpha_l"": 0.7, ""alpha_r"": 0.8, ""beta_a"": 0.3, ""beta_l"": 0.4, ""beta_r"": 0.5, ""cloud_count"": 1, ""crossover_probability"": 0.5, ""dnn_count"": 20, ""edge_count"": 10, ""edge_link_factor"": 2.0, ""iteration_limit"": 200, ""lambda_g"": 0.7, ""lambda_h"": 0.7, ""mutation_probability"": 0.25, ""name"": ""small"", ""population_size"": 60, ""preference"": ""adaptive"", ""suite"": ""scale"", ""use_dag_aware_initialization"": true, ""use_dag_block_crossover"": true, ""use_elite_local_search"": true, ""use_skew_mutation"": true, ""user_count"": 30}",870.057356116056,0.15414064921580203,0.587486209292323,7583.955557376787,1,40608,
scale:small:e67a4528ef:maxresource_fast:repeat_8:seed_20260727,scale,small,maxresource_fast,8,20260727,"{""alpha_a"": 0.5, ""alpha_l"": 0.7, ""alpha_r"": 0.8, ""beta_a"": 0.3, ""beta_l"": 0.4, ""beta_r"": 0.5, ""cloud_count"": 1, ""crossover_probability"": 0.5, ""dnn_count"": 20, ""edge_count"": 10, ""edge_link_factor"": 2.0, ""iteration_limit"": 200, ""lambda_g"": 0.7, ""lambda_h"": 0.7, ""mutation_probability"": 0.25, ""name"": ""small"", ""population_size"": 60, ""preference"": ""adaptive"", ""suite"": ""scale"", ""use_dag_aware_initialization"": true, ""use_dag_block_crossover"": true, ""use_elite_local_search"": true, ""use_skew_mutation"": true, ""user_count"": 30}",484.4859696410452,0.08638904573214175,0.6624685576201428,7477.719563841524,0,85,
scale:small:e67a4528ef:rtbl:repeat_8:seed_20260727,scale,small,rtbl,8,20260727,"{""alpha_a"": 0.5, ""alpha_l"": 0.7, ""alpha_r"": 0.8, ""beta_a"": 0.3, ""beta_l"": 0.4, ""beta_r"": 0.5, ""cloud_count"": 1, ""crossover_probability"": 0.5, ""dnn_count"": 20, ""edge_count"": 10, ""edge_link_factor"": 2.0, ""iteration_limit"": 200, ""lambda_g"": 0.7, ""lambda_h"": 0.7, ""mutation_probability"": 0.25, ""name"": ""small"", ""population_size"": 60, ""preference"": ""adaptive"", ""suite"": ""scale"", ""use_dag_aware_initialization"": true, ""use_dag_block_crossover"": true, ""use_elite_local_search"": true, ""use_skew_mutation"": true, ""user_count"": 30}",498.92435275221425,0.13754526017350904,0.6110789814435943,7278.3705478482525,1,54,post_admission_v1
scale:small:e67a4528ef:proposed:repeat_9:seed_20260728,scale,small,proposed,9,20260728,"{""alpha_a"": 0.5, ""alpha_l"": 0.7, ""alpha_r"": 0.8, ""beta_a"": 0.3, ""beta_l"": 0.4, ""beta_r"": 0.5, ""cloud_count"": 1, ""crossover_probability"": 0.5, ""dnn_count"": 20, ""edge_count"": 10, ""edge_link_factor"": 2.0, ""iteration_limit"": 200, ""lambda_g"": 0.7, ""lambda_h"": 0.7, ""mutation_probability"": 0.25, ""name"": ""small"", ""population_size"": 60, ""preference"": ""adaptive"", ""suite"": ""scale"", ""use_dag_aware_initialization"": true, ""use_dag_block_crossover"": true, ""use_elite_local_search"": true, ""use_skew_mutation"": true, ""user_count"": 30}",637.167083179621,0.18178708618377765,0.8007528872741254,5724.487863161868,0,64793,
scale:small:e67a4528ef:customized:repeat_9:seed_20260728,scale,small,customized,9,20260728,"{""alpha_a"": 0.5, ""alpha_l"": 0.7, ""alpha_r"": 0.8, ""beta_a"": 0.3, ""beta_l"": 0.4, ""beta_r"": 0.5, ""cloud_count"": 1, ""crossover_probability"": 0.5, ""dnn_count"": 20, ""edge_count"": 10, ""edge_link_factor"": 2.0, ""iteration_limit"": 200, ""lambda_g"": 0.7, ""lambda_h"": 0.7, ""mutation_probability"": 0.25, ""name"": ""small"", ""population_size"": 60, ""preference"": ""adaptive"", ""suite"": ""scale"", ""use_dag_aware_initialization"": true, ""use_dag_block_crossover"": true, ""use_elite_local_search"": true, ""use_skew_mutation"": true, ""user_count"": 30}",431.52745021708444,0.1901166606962644,0.7402531158388995,5308.244179747177,0,56686,
scale:small:e67a4528ef:random:repeat_9:seed_20260728,scale,small,random,9,20260728,"{""alpha_a"": 0.5, ""alpha_l"": 0.7, ""alpha_r"": 0.8, ""beta_a"": 0.3, ""beta_l"": 0.4, ""beta_r"": 0.5, ""cloud_count"": 1, ""crossover_probability"": 0.5, ""dnn_count"": 20, ""edge_count"": 10, ""edge_link_factor"": 2.0, ""iteration_limit"": 200, ""lambda_g"": 0.7, ""lambda_h"": 0.7, ""mutation_probability"": 0.25, ""name"": ""small"", ""population_size"": 60, ""preference"": ""adaptive"", ""suite"": ""scale"", ""use_dag_aware_initialization"": true, ""use_dag_block_crossover"": true, ""use_elite_local_search"": true, ""use_skew_mutation"": true, ""user_count"": 30}",547.4591619335154,0.008029978865894015,0.7054591871220883,9714.627410351317,0,523,
scale:small:e67a4528ef:localfirst:repeat_9:seed_20260728,scale,small,localfirst,9,20260728,"{""alpha_a"": 0.5, ""alpha_l"": 0.7, ""alpha_r"": 0.8, ""beta_a"": 0.3, ""beta_l"": 0.4, ""beta_r"": 0.5, ""cloud_count"": 1, ""crossover_probability"": 0.5, ""dnn_count"": 20, ""edge_count"": 10, ""edge_link_factor"": 2.0, ""iteration_limit"": 200, ""lambda_g"": 0.7, ""lambda_h"": 0.7, ""mutation_probability"": 0.25, ""name"": ""small"", ""population_size"": 60, ""preference"": ""adaptive"", ""suite"": ""scale"", ""use_dag_aware_initialization"": true, ""use_dag_block_crossover"": true, ""use_elite_local_search"": true, ""use_skew_mutation"": true, ""user_count"": 30}",624.702885750988,0.19608657611384744,0.6221468742491278,6615.44881769949,0,100181,
scale:small:e67a4528ef:maxresource_fast:repeat_9:seed_20260728,scale,small,maxresource_fast,9,20260728,"{""alpha_a"": 0.5, ""alpha_l"": 0.7, ""alpha_r"": 0.8, ""beta_a"": 0.3, ""beta_l"": 0.4, ""beta_r"": 0.5, ""cloud_count"": 1, ""crossover_probability"": 0.5, ""dnn_count"": 20, ""edge_count"": 10, ""edge_link_factor"": 2.0, ""iteration_limit"": 200, ""lambda_g"": 0.7, ""lambda_h"": 0.7, ""mutation_probability"": 0.25, ""name"": ""small"", ""population_size"": 60, ""preference"": ""adaptive"", ""suite"": ""scale"", ""use_dag_aware_initialization"": true, ""use_dag_block_crossover"": true, ""use_elite_local_search"": true, ""use_skew_mutation"": true, ""user_count"": 30}",430.3681585703004,0.09370169837857154,0.6839621977353334,6392.501303060786,0,81,
scale:small:e67a4528ef:rtbl:repeat_9:seed_20260728,scale,small,rtbl,9,20260728,"{""alpha_a"": 0.5, ""alpha_l"": 0.7, ""alpha_r"": 0.8, ""beta_a"": 0.3, ""beta_l"": 0.4, ""beta_r"": 0.5, ""cloud_count"": 1, ""crossover_probability"": 0.5, ""dnn_count"": 20, ""edge_count"": 10, ""edge_link_factor"": 2.0, ""iteration_limit"": 200, ""lambda_g"": 0.7, ""lambda_h"": 0.7, ""mutation_probability"": 0.25, ""name"": ""small"", ""population_size"": 60, ""preference"": ""adaptive"", ""suite"": ""scale"", ""use_dag_aware_initialization"": true, ""use_dag_block_crossover"": true, ""use_elite_local_search"": true, ""use_skew_mutation"": true, ""user_count"": 30}",403.4596117666975,0.1562471161422908,0.6120725459138274,5723.298884506281,2,49,post_admission_v1
scale:medium:e2bdb9771d:proposed:repeat_0:seed_20260719,scale,medium,proposed,0,20260719,"{""alpha_a"": 0.5, ""alpha_l"": 0.7, ""alpha_r"": 0.8, ""beta_a"": 0.3, ""beta_l"": 0.4, ""beta_r"": 0.5, ""cloud_count"": 1, ""crossover_probability"": 0.5, ""dnn_count"": 60, ""edge_count"": 30, ""edge_link_factor"": 2.0, ""iteration_limit"": 200, ""lambda_g"": 0.7, ""lambda_h"": 0.7, ""mutation_probability"": 0.25, ""name"": ""medium"", ""population_size"": 60, ""preference"": ""adaptive"", ""suite"": ""scale"", ""use_dag_aware_initialization"": true, ""use_dag_block_crossover"": true, ""use_elite_local_search"": true, ""use_skew_mutation"": true, ""user_count"": 120}",744.9679105373433,0.1874017601714592,0.8933021206836087,7073.319211536132,0,448683,
scale:medium:e2bdb9771d:customized:repeat_0:seed_20260719,scale,medium,customized,0,20260719,"{""alpha_a"": 0.5, ""alpha_l"": 0.7, ""alpha_r"": 0.8, ""beta_a"": 0.3, ""beta_l"": 0.4, ""beta_r"": 0.5, ""cloud_count"": 1, ""crossover_probability"": 0.5, ""dnn_count"": 60, ""edge_count"": 30, ""edge_link_factor"": 2.0, ""iteration_limit"": 200, ""lambda_g"": 0.7, ""lambda_h"": 0.7, ""mutation_probability"": 0.25, ""name"": ""medium"", ""population_size"": 60, ""preference"": ""adaptive"", ""suite"": ""scale"", ""use_dag_aware_initialization"": true, ""use_dag_block_crossover"": true, ""use_elite_local_search"": true, ""use_skew_mutation"": true, ""user_count"": 120}",598.8133855091131,0.17374008843917935,0.8634651840098589,7125.485448901661,0,345196,
scale:medium:e2bdb9771d:random:repeat_0:seed_20260719,scale,medium,random,0,20260719,"{""alpha_a"": 0.5, ""alpha_l"": 0.7, ""alpha_r"": 0.8, ""beta_a"": 0.3, ""beta_l"": 0.4, ""beta_r"": 0.5, ""cloud_count"": 1, ""crossover_probability"": 0.5, ""dnn_count"": 60, ""edge_count"": 30, ""edge_link_factor"": 2.0, ""iteration_limit"": 200, ""lambda_g"": 0.7, ""lambda_h"": 0.7, ""mutation_probability"": 0.25, ""name"": ""medium"", ""population_size"": 60, ""preference"": ""adaptive"", ""suite"": ""scale"", ""use_dag_aware_initialization"": true, ""use_dag_block_crossover"": true, ""use_elite_local_search"": true, ""use_skew_mutation"": true, ""user_count"": 120}",642.6460063050572,0.0038632957951957015,0.8104632009022739,13688.207701402158,6,3898,
scale:medium:e2bdb9771d:localfirst:repeat_0:seed_20260719,scale,medium,localfirst,0,20260719,"{""alpha_a"": 0.5, ""alpha_l"": 0.7, ""alpha_r"": 0.8, ""beta_a"": 0.3, ""beta_l"": 0.4, ""beta_r"": 0.5, ""cloud_count"": 1, ""crossover_probability"": 0.5, ""dnn_count"": 60, ""edge_count"": 30, ""edge_link_factor"": 2.0, ""iteration_limit"": 200, ""lambda_g"": 0.7, ""lambda_h"": 0.7, ""mutation_probability"": 0.25, ""name"": ""medium"", ""population_size"": 60, ""preference"": ""adaptive"", ""suite"": ""scale"", ""use_dag_aware_initialization"": true, ""use_dag_block_crossover"": true, ""use_elite_local_search"": true, ""use_skew_mutation"": true, ""user_count"": 120}",794.8248589144472,0.1987998384967862,0.609514682794307,7257.147214751265,0,137926,
scale:medium:e2bdb9771d:maxresource_fast:repeat_0:seed_20260719,scale,medium,maxresource_fast,0,20260719,"{""alpha_a"": 0.5, ""alpha_l"": 0.7, ""alpha_r"": 0.8, ""beta_a"": 0.3, ""beta_l"": 0.4, ""beta_r"": 0.5, ""cloud_count"": 1, ""crossover_probability"": 0.5, ""dnn_count"": 60, ""edge_count"": 30, ""edge_link_factor"": 2.0, ""iteration_limit"": 200, ""lambda_g"": 0.7, ""lambda_h"": 0.7, ""mutation_probability"": 0.25, ""name"": ""medium"", ""population_size"": 60, ""preference"": ""adaptive"", ""suite"": ""scale"", ""use_dag_aware_initialization"": true, ""use_dag_block_crossover"": true, ""use_elite_local_search"": true, ""use_skew_mutation"": true, ""user_count"": 120}",693.4815614505891,0.020942672808968728,0.7783602879604975,13077.049370209212,8,24659,
scale:medium:e2bdb9771d:rtbl:repeat_0:seed_20260719,scale,medium,rtbl,0,20260719,"{""alpha_a"": 0.5, ""alpha_l"": 0.7, ""alpha_r"": 0.8, ""beta_a"": 0.3, ""beta_l"": 0.4, ""beta_r"": 0.5, ""cloud_count"": 1, ""crossover_probability"": 0.5, ""dnn_count"": 60, ""edge_count"": 30, ""edge_link_factor"": 2.0, ""iteration_limit"": 200, ""lambda_g"": 0.7, ""lambda_h"": 0.7, ""mutation_probability"": 0.25, ""name"": ""medium"", ""population_size"": 60, ""preference"": ""adaptive"", ""suite"": ""scale"", ""use_dag_aware_initialization"": true, ""use_dag_block_crossover"": true, ""use_elite_local_search"": true, ""use_skew_mutation"": true, ""user_count"": 120}",509.5418121288333,0.09406024649080354,0.5725364688843801,7430.272954839477,12,482,post_admission_v1
scale:medium:e2bdb9771d:proposed:repeat_1:seed_20260720,scale,medium,proposed,1,20260720,"{""alpha_a"": 0.5, ""alpha_l"": 0.7, ""alpha_r"": 0.8, ""beta_a"": 0.3, ""beta_l"": 0.4, ""beta_r"": 0.5, ""cloud_count"": 1, ""crossover_probability"": 0.5, ""dnn_count"": 60, ""edge_count"": 30, ""edge_link_factor"": 2.0, ""iteration_limit"": 200, ""lambda_g"": 0.7, ""lambda_h"": 0.7, ""mutation_probability"": 0.25, ""name"": ""medium"", ""population_size"": 60, ""preference"": ""adaptive"", ""suite"": ""scale"", ""use_dag_aware_initialization"": true, ""use_dag_block_crossover"": true, ""use_elite_local_search"": true, ""use_skew_mutation"": true, ""user_count"": 120}",833.465886960003,0.28107007319170163,0.9550432056787818,6377.352293012439,0,470809,
scale:medium:e2bdb9771d:customized:repeat_1:seed_20260720,scale,medium,customized,1,20260720,"{""alpha_a"": 0.5, ""alpha_l"": 0.7, ""alpha_r"": 0.8, ""beta_a"": 0.3, ""beta_l"": 0.4, ""beta_r"": 0.5, ""cloud_count"": 1, ""crossover_probability"": 0.5, ""dnn_count"": 60, ""edge_count"": 30, ""edge_link_factor"": 2.0, ""iteration_limit"": 200, ""lambda_g"": 0.7, ""lambda_h"": 0.7, ""mutation_probability"": 0.25, ""name"": ""medium"", ""population_size"": 60, ""preference"": ""adaptive"", ""suite"": ""scale"", ""use_dag_aware_initialization"": true, ""use_dag_block_crossover"": true, ""use_elite_local_search"": true, ""use_skew_mutation"": true, ""user_count"": 120}",646.4988845474139,0.24812016939678339,0.909961942743795,6411.449082962541,0,357497,
scale:medium:e2bdb9771d:random:repeat_1:seed_20260720,scale,medium,random,1,20260720,"{""alpha_a"": 0.5, ""alpha_l"": 0.7, ""alpha_r"": 0.8, ""beta_a"": 0.3, ""beta_l"": 0.4, ""beta_r"": 0.5, ""cloud_count"": 1, ""crossover_probability"": 0.5, ""dnn_count"": 60, ""edge_count"": 30, ""edge_link_factor"": 2.0, ""iteration_limit"": 200, ""lambda_g"": 0.7, ""lambda_h"": 0.7, ""mutation_probability"": 0.25, ""name"": ""medium"", ""population_size"": 60, ""preference"": ""adaptive"", ""suite"": ""scale"", ""use_dag_aware_initialization"": true, ""use_dag_block_crossover"": true, ""use_elite_local_search"": true, ""use_skew_mutation"": true, ""user_count"": 120}",677.2034852938523,0.006772065786642497,0.8239859320134496,12881.20481815965,4,5135,
scale:medium:e2bdb9771d:localfirst:repeat_1:seed_20260720,scale,medium,localfirst,1,20260720,"{""alpha_a"": 0.5, ""alpha_l"": 0.7, ""alpha_r"": 0.8, ""beta_a"": 0.3, ""beta_l"": 0.4, ""beta_r"": 0.5, ""cloud_count"": 1, ""crossover_probability"": 0.5, ""dnn_count"": 60, ""edge_count"": 30, ""edge_link_factor"": 2.0, ""iteration_limit"": 200, ""lambda_g"": 0.7, ""lambda_h"": 0.7, ""mutation_probability"": 0.25, ""name"": ""medium"", ""population_size"": 60, ""preference"": ""adaptive"", ""suite"": ""scale"", ""use_dag_aware_initialization"": true, ""use_dag_block_crossover"": true, ""use_elite_local_search"": true, ""use_skew_mutation"": true, ""user_count"": 120}",778.530465904874,0.20572955830283624,0.6161805313773971,6874.8409386381,0,202002,
scale:medium:e2bdb9771d:maxresource_fast:repeat_1:seed_20260720,scale,medium,maxresource_fast,1,20260720,"{""alpha_a"": 0.5, ""alpha_l"": 0.7, ""alpha_r"": 0.8, ""beta_a"": 0.3, ""beta_l"": 0.4, ""beta_r"": 0.5, ""cloud_count"": 1, ""crossover_probability"": 0.5, ""dnn_count"": 60, ""edge_count"": 30, ""edge_link_factor"": 2.0, ""iteration_limit"": 200, ""lambda_g"": 0.7, ""lambda_h"": 0.7, ""mutation_probability"": 0.25, ""name"": ""medium"", ""population_size"": 60, ""preference"": ""adaptive"", ""suite"": ""scale"", ""use_dag_aware_initialization"": true, ""use_dag_block_crossover"": true, ""use_elite_local_search"": true, ""use_skew_mutation"": true, ""user_count"": 120}",637.9044110303365,0.024373463951208516,0.7786581591549107,11627.04958936656,5,15721,
scale:medium:e2bdb9771d:rtbl:repeat_1:seed_20260720,scale,medium,rtbl,1,20260720,"{""alpha_a"": 0.5, ""alpha_l"": 0.7, ""alpha_r"": 0.8, ""beta_a"": 0.3, ""beta_l"": 0.4, ""beta_r"": 0.5, ""cloud_count"": 1, ""crossover_probability"": 0.5, ""dnn_count"": 60, ""edge_count"": 30, ""edge_link_factor"": 2.0, ""iteration_limit"": 200, ""lambda_g"": 0.7, ""lambda_h"": 0.7, ""mutation_probability"": 0.25, ""name"": ""medium"", ""population_size"": 60, ""preference"": ""adaptive"", ""suite"": ""scale"", ""use_dag_aware_initialization"": true, ""use_dag_block_crossover"": true, ""use_elite_local_search"": true, ""use_skew_mutation"": true, ""user_count"": 120}",549.5061872455993,0.13143327695708357,0.6158004034271856,6513.897310300257,37,274,post_admission_v1
scale:medium:e2bdb9771d:proposed:repeat_2:seed_20260721,scale,medium,proposed,2,20260721,"{""alpha_a"": 0.5, ""alpha_l"": 0.7, ""alpha_r"": 0.8, ""beta_a"": 0.3, ""beta_l"": 0.4, ""beta_r"": 0.5, ""cloud_count"": 1, ""crossover_probability"": 0.5, ""dnn_count"": 60, ""edge_count"": 30, ""edge_link_factor"": 2.0, ""iteration_limit"": 200, ""lambda_g"": 0.7, ""lambda_h"": 0.7, ""mutation_probability"": 0.25, ""name"": ""medium"", ""population_size"": 60, ""preference"": ""adaptive"", ""suite"": ""scale"", ""use_dag_aware_initialization"": true, ""use_dag_block_crossover"": true, ""use_elite_local_search"": true, ""use_skew_mutation"": true, ""user_count"": 120}",681.0836417760177,0.17226009024074113,0.8950846393741796,7337.7359914066865,0,481386,
scale:medium:e2bdb9771d:customized:repeat_2:seed_20260721,scale,medium,customized,2,20260721,"{""alpha_a"": 0.5, ""alpha_l"": 0.7, ""alpha_r"": 0.8, ""beta_a"": 0.3, ""beta_l"": 0.4, ""beta_r"": 0.5, ""cloud_count"": 1, ""crossover_probability"": 0.5, ""dnn_count"": 60, ""edge_count"": 30, ""edge_link_factor"": 2.0, ""iteration_limit"": 200, ""lambda_g"": 0.7, ""lambda_h"": 0.7, ""mutation_probability"": 0.25, ""name"": ""medium"", ""population_size"": 60, ""preference"": ""adaptive"", ""suite"": ""scale"", ""use_dag_aware_initialization"": true, ""use_dag_block_crossover"": true, ""use_elite_local_search"": true, ""use_skew_mutation"": true, ""user_count"": 120}",579.5349997270465,0.18496195564947343,0.8651547625570615,6663.099354131704,0,354613,
scale:medium:e2bdb9771d:random:repeat_2:seed_20260721,scale,medium,random,2,20260721,"{""alpha_a"": 0.5, ""alpha_l"": 0.7, ""alpha_r"": 0.8, ""beta_a"": 0.3, ""beta_l"": 0.4, ""beta_r"": 0.5, ""cloud_count"": 1, ""crossover_probability"": 0.5, ""dnn_count"": 60, ""edge_count"": 30, ""edge_link_factor"": 2.0, ""iteration_limit"": 200, ""lambda_g"": 0.7, ""lambda_h"": 0.7, ""mutation_probability"": 0.25, ""name"": ""medium"", ""population_size"": 60, ""preference"": ""adaptive"", ""suite"": ""scale"", ""use_dag_aware_initialization"": true, ""use_dag_block_crossover"": true, ""use_elite_local_search"": true, ""use_skew_mutation"": true, ""user_count"": 120}",637.9396077217187,0.005805183184802303,0.8292254349699051,12691.642589696105,5,4190,
scale:medium:e2bdb9771d:localfirst:repeat_2:seed_20260721,scale,medium,localfirst,2,20260721,"{""alpha_a"": 0.5, ""alpha_l"": 0.7, ""alpha_r"": 0.8, ""beta_a"": 0.3, ""beta_l"": 0.4, ""beta_r"": 0.5, ""cloud_count"": 1, ""crossover_probability"": 0.5, ""dnn_count"": 60, ""edge_count"": 30, ""edge_link_factor"": 2.0, ""iteration_limit"": 200, ""lambda_g"": 0.7, ""lambda_h"": 0.7, ""mutation_probability"": 0.25, ""name"": ""medium"", ""population_size"": 60, ""preference"": ""adaptive"", ""suite"": ""scale"", ""use_dag_aware_initialization"": true, ""use_dag_block_crossover"": true, ""use_elite_local_search"": true, ""use_skew_mutation"": true, ""user_count"": 120}",769.2329241684291,0.21792758171872897,0.6146641335141942,6761.405652442044,1,152336,
scale:medium:e2bdb9771d:maxresource_fast:repeat_2:seed_20260721,scale,medium,maxresource_fast,2,20260721,"{""alpha_a"": 0.5, ""alpha_l"": 0.7, ""alpha_r"": 0.8, ""beta_a"": 0.3, ""beta_l"": 0.4, ""beta_r"": 0.5, ""cloud_count"": 1, ""crossover_probability"": 0.5, ""dnn_count"": 60, ""edge_count"": 30, ""edge_link_factor"": 2.0, ""iteration_limit"": 200, ""lambda_g"": 0.7, ""lambda_h"": 0.7, ""mutation_probability"": 0.25, ""name"": ""medium"", ""population_size"": 60, ""preference"": ""adaptive"", ""suite"": ""scale"", ""use_dag_aware_initialization"": true, ""use_dag_block_crossover"": true, ""use_elite_local_search"": true, ""use_skew_mutation"": true, ""user_count"": 120}",632.5131496972388,0.02663435773050877,0.792607088027069,11658.279036015569,7,21563,
scale:medium:e2bdb9771d:rtbl:repeat_2:seed_20260721,scale,medium,rtbl,2,20260721,"{""alpha_a"": 0.5, ""alpha_l"": 0.7, ""alpha_r"": 0.8, ""beta_a"": 0.3, ""beta_l"": 0.4, ""beta_r"": 0.5, ""cloud_count"": 1, ""crossover_probability"": 0.5, ""dnn_count"": 60, ""edge_count"": 30, ""edge_link_factor"": 2.0, ""iteration_limit"": 200, ""lambda_g"": 0.7, ""lambda_h"": 0.7, ""mutation_probability"": 0.25, ""name"": ""medium"", ""population_size"": 60, ""preference"": ""adaptive"", ""suite"": ""scale"", ""use_dag_aware_initialization"": true, ""use_dag_block_crossover"": true, ""use_elite_local_search"": true, ""use_skew_mutation"": true, ""user_count"": 120}",516.4844988915104,0.1607988049952294,0.6105489145956414,6538.136565879408,30,301,post_admission_v1
scale:medium:e2bdb9771d:proposed:repeat_3:seed_20260722,scale,medium,proposed,3,20260722,"{""alpha_a"": 0.5, ""alpha_l"": 0.7, ""alpha_r"": 0.8, ""beta_a"": 0.3, ""beta_l"": 0.4, ""beta_r"": 0.5, ""cloud_count"": 1, ""crossover_probability"": 0.5, ""dnn_count"": 60, ""edge_count"": 30, ""edge_link_factor"": 2.0, ""iteration_limit"": 200, ""lambda_g"": 0.7, ""lambda_h"": 0.7, ""mutation_probability"": 0.25, ""name"": ""medium"", ""population_size"": 60, ""preference"": ""adaptive"", ""suite"": ""scale"", ""use_dag_aware_initialization"": true, ""use_dag_block_crossover"": true, ""use_elite_local_search"": true, ""use_skew_mutation"": true, ""user_count"": 120}",744.5288631902196,0.23284203119584138,0.9183102434006083,7035.311800632698,0,429046,
scale:medium:e2bdb9771d:customized:repeat_3:seed_20260722,scale,medium,customized,3,20260722,"{""alpha_a"": 0.5, ""alpha_l"": 0.7, ""alpha_r"": 0.8, ""beta_a"": 0.3, ""beta_l"": 0.4, ""beta_r"": 0.5, ""cloud_count"": 1, ""crossover_probability"": 0.5, ""dnn_count"": 60, ""edge_count"": 30, ""edge_link_factor"": 2.0, ""iteration_limit"": 200, ""lambda_g"": 0.7, ""lambda_h"": 0.7, ""mutation_probability"": 0.25, ""name"": ""medium"", ""population_size"": 60, ""preference"": ""adaptive"", ""suite"": ""scale"", ""use_dag_aware_initialization"": true, ""use_dag_block_crossover"": true, ""use_elite_local_search"": true, ""use_skew_mutation"": true, ""user_count"": 120}",630.2300135528269,0.23497288777924324,0.8966721506946783,6433.393870237454,0,323931,
scale:medium:e2bdb9771d:random:repeat_3:seed_20260722,scale,medium,random,3,20260722,"{""alpha_a"": 0.5, ""alpha_l"": 0.7, ""alpha_r"": 0.8, ""beta_a"": 0.3, ""beta_l"": 0.4, ""beta_r"": 0.5, ""cloud_count"": 1, ""crossover_probability"": 0.5, ""dnn_count"": 60, ""edge_count"": 30, ""edge_link_factor"": 2.0, ""iteration_limit"": 200, ""lambda_g"": 0.7, ""lambda_h"": 0.7, ""mutation_probability"": 0.25, ""name"": ""medium"", ""population_size"": 60, ""preference"": ""adaptive"", ""suite"": ""scale"", ""use_dag_aware_initialization"": true, ""use_dag_block_crossover"": true, ""use_elite_local_search"": true, ""use_skew_mutation"": true, ""user_count"": 120}",650.972002516117,0.005322567195079115,0.8342483070070109,13138.10611045523,5,2964,
scale:medium:e2bdb9771d:localfirst:repeat_3:seed_20260722,scale,medium,localfirst,3,20260722,"{""alpha_a"": 0.5, ""alpha_l"": 0.7, ""alpha_r"": 0.8, ""beta_a"": 0.3, ""beta_l"": 0.4, ""beta_r"": 0.5, ""cloud_count"": 1, ""crossover_probability"": 0.5, ""dnn_count"": 60, ""edge_count"": 30, ""edge_link_factor"": 2.0, ""iteration_limit"": 200, ""lambda_g"": 0.7, ""lambda_h"": 0.7, ""mutation_probability"": 0.25, ""name"": ""medium"", ""population_size"": 60, ""preference"": ""adaptive"", ""suite"": ""scale"", ""use_dag_aware_initialization"": true, ""use_dag_block_crossover"": true, ""use_elite_local_search"": true, ""use_skew_mutation"": true, ""user_count"": 120}",841.1142306629746,0.1961110712616859,0.6215960391033961,7548.364951981928,1,233864,
scale:medium:e2bdb9771d:maxresource_fast:repeat_3:seed_20260722,scale,medium,maxresource_fast,3,20260722,"{""alpha_a"": 0.5, ""alpha_l"": 0.7, ""alpha_r"": 0.8, ""beta_a"": 0.3, ""beta_l"": 0.4, ""beta_r"": 0.5, ""cloud_count"": 1, ""crossover_probability"": 0.5, ""dnn_count"": 60, ""edge_count"": 30, ""edge_link_factor"": 2.0, ""iteration_limit"": 200, ""lambda_g"": 0.7, ""lambda_h"": 0.7, ""mutation_probability"": 0.25, ""name"": ""medium"", ""population_size"": 60, ""preference"": ""adaptive"", ""suite"": ""scale"", ""use_dag_aware_initialization"": true, ""use_dag_block_crossover"": true, ""use_elite_local_search"": true, ""use_skew_mutation"": true, ""user_count"": 120}",659.1707193849611,0.017731446381736873,0.7984052336883919,12547.555644435417,7,21537,
scale:medium:e2bdb9771d:rtbl:repeat_3:seed_20260722,scale,medium,rtbl,3,20260722,"{""alpha_a"": 0.5, ""alpha_l"": 0.7, ""alpha_r"": 0.8, ""beta_a"": 0.3, ""beta_l"": 0.4, ""beta_r"": 0.5, ""cloud_count"": 1, ""crossover_probability"": 0.5, ""dnn_count"": 60, ""edge_count"": 30, ""edge_link_factor"": 2.0, ""iteration_limit"": 200, ""lambda_g"": 0.7, ""lambda_h"": 0.7, ""mutation_probability"": 0.25, ""name"": ""medium"", ""population_size"": 60, ""preference"": ""adaptive"", ""suite"": ""scale"", ""use_dag_aware_initialization"": true, ""use_dag_block_crossover"": true, ""use_elite_local_search"": true, ""use_skew_mutation"": true, ""user_count"": 120}",648.1867395655692,0.18395247966981512,0.6525818643541582,5943.741292035141,28,365,post_admission_v1
scale:medium:e2bdb9771d:proposed:repeat_4:seed_20260723,scale,medium,proposed,4,20260723,"{""alpha_a"": 0.5, ""alpha_l"": 0.7, ""alpha_r"": 0.8, ""beta_a"": 0.3, ""beta_l"": 0.4, ""beta_r"": 0.5, ""cloud_count"": 1, ""crossover_probability"": 0.5, ""dnn_count"": 60, ""edge_count"": 30, ""edge_link_factor"": 2.0, ""iteration_limit"": 200, ""lambda_g"": 0.7, ""lambda_h"": 0.7, ""mutation_probability"": 0.25, ""name"": ""medium"", ""population_size"": 60, ""preference"": ""adaptive"", ""suite"": ""scale"", ""use_dag_aware_initialization"": true, ""use_dag_block_crossover"": true, ""use_elite_local_search"": true, ""use_skew_mutation"": true, ""user_count"": 120}",850.2037574871797,0.23156971526395895,0.9318628537683097,6995.134939241929,2,531610,
scale:medium:e2bdb9771d:customized:repeat_4:seed_20260723,scale,medium,customized,4,20260723,"{""alpha_a"": 0.5, ""alpha_l"": 0.7, ""alpha_r"": 0.8, ""beta_a"": 0.3, ""beta_l"": 0.4, ""beta_r"": 0.5, ""cloud_count"": 1, ""crossover_probability"": 0.5, ""dnn_count"": 60, ""edge_count"": 30, ""edge_link_factor"": 2.0, ""iteration_limit"": 200, ""lambda_g"": 0.7, ""lambda_h"": 0.7, ""mutation_probability"": 0.25, ""name"": ""medium"", ""population_size"": 60, ""preference"": ""adaptive"", ""suite"": ""scale"", ""use_dag_aware_initialization"": true, ""use_dag_block_crossover"": true, ""use_elite_local_search"": true, ""use_skew_mutation"": true, ""user_count"": 120}",629.7167361197118,0.18192224856200873,0.8852218920756861,7301.379051295563,0,429324,
scale:medium:e2bdb9771d:random:repeat_4:seed_20260723,scale,medium,random,4,20260723,"{""alpha_a"": 0.5, ""alpha_l"": 0.7, ""alpha_r"": 0.8, ""beta_a"": 0.3, ""beta_l"": 0.4, ""beta_r"": 0.5, ""cloud_count"": 1, ""crossover_probability"": 0.5, ""dnn_count"": 60, ""edge_count"": 30, ""edge_link_factor"": 2.0, ""iteration_limit"": 200, ""lambda_g"": 0.7, ""lambda_h"": 0.7, ""mutation_probability"": 0.25, ""name"": ""medium"", ""population_size"": 60, ""preference"": ""adaptive"", ""suite"": ""scale"", ""use_dag_aware_initialization"": true, ""use_dag_block_crossover"": true, ""use_elite_local_search"": true, ""use_skew_mutation"": true, ""user_count"": 120}",716.027736946594,0.004174165490196109,0.8205393972113632,13648.655572194053,7,10913,
scale:medium:e2bdb9771d:localfirst:repeat_4:seed_20260723,scale,medium,localfirst,4,20260723,"{""alpha_a"": 0.5, ""alpha_l"": 0.7, ""alpha_r"": 0.8, ""beta_a"": 0.3, ""beta_l"": 0.4, ""beta_r"": 0.5, ""cloud_count"": 1, ""crossover_probability"": 0.5, ""dnn_count"": 60, ""edge_count"": 30, ""edge_link_factor"": 2.0, ""iteration_limit"": 200, ""lambda_g"": 0.7, ""lambda_h"": 0.7, ""mutation_probability"": 0.25, ""name"": ""medium"", ""population_size"": 60, ""preference"": ""adaptive"", ""suite"": ""scale"", ""use_dag_aware_initialization"": true, ""use_dag_block_crossover"": true, ""use_elite_local_search"": true, ""use_skew_mutation"": true, ""user_count"": 120}",828.753208148842,0.2021073367849481,0.6026847077869821,7591.858897635202,0,297367,
scale:medium:e2bdb9771d:maxresource_fast:repeat_4:seed_20260723,scale,medium,maxresource_fast,4,20260723,"{""alpha_a"": 0.5, ""alpha_l"": 0.7, ""alpha_r"": 0.8, ""beta_a"": 0.3, ""beta_l"": 0.4, ""beta_r"": 0.5, ""cloud_count"": 1, ""crossover_probability"": 0.5, ""dnn_count"": 60, ""edge_count"": 30, ""edge_link_factor"": 2.0, ""iteration_limit"": 200, ""lambda_g"": 0.7, ""lambda_h"": 0.7, ""mutation_probability"": 0.25, ""name"": ""medium"", ""population_size"": 60, ""preference"": ""adaptive"", ""suite"": ""scale"", ""use_dag_aware_initialization"": true, ""use_dag_block_crossover"": true, ""use_elite_local_search"": true, ""use_skew_mutation"": true, ""user_count"": 120}",657.6321277580979,0.02880016328549467,0.7672921984124443,11464.211693631245,6,18627,
scale:medium:e2bdb9771d:rtbl:repeat_4:seed_20260723,scale,medium,rtbl,4,20260723,"{""alpha_a"": 0.5, ""alpha_l"": 0.7, ""alpha_r"": 0.8, ""beta_a"": 0.3, ""beta_l"": 0.4, ""beta_r"": 0.5, ""cloud_count"": 1, ""crossover_probability"": 0.5, ""dnn_count"": 60, ""edge_count"": 30, ""edge_link_factor"": 2.0, ""iteration_limit"": 200, ""lambda_g"": 0.7, ""lambda_h"": 0.7, ""mutation_probability"": 0.25, ""name"": ""medium"", ""population_size"": 60, ""preference"": ""adaptive"", ""suite"": ""scale"", ""use_dag_aware_initialization"": true, ""use_dag_block_crossover"": true, ""use_elite_local_search"": true, ""use_skew_mutation"": true, ""user_count"": 120}",607.058889338923,0.10789900988113076,0.5953019145752583,7524.131155250704,26,370,post_admission_v1
scale:medium:e2bdb9771d:proposed:repeat_5:seed_20260724,scale,medium,proposed,5,20260724,"{""alpha_a"": 0.5, ""alpha_l"": 0.7, ""alpha_r"": 0.8, ""beta_a"": 0.3, ""beta_l"": 0.4, ""beta_r"": 0.5, ""cloud_count"": 1, ""crossover_probability"": 0.5, ""dnn_count"": 60, ""edge_count"": 30, ""edge_link_factor"": 2.0, ""iteration_limit"": 200, ""lambda_g"": 0.7, ""lambda_h"": 0.7, ""mutation_probability"": 0.25, ""name"": ""medium"", ""population_size"": 60, ""preference"": ""adaptive"", ""suite"": ""scale"", ""use_dag_aware_initialization"": true, ""use_dag_block_crossover"": true, ""use_elite_local_search"": true, ""use_skew_mutation"": true, ""user_count"": 120}",732.7163394730069,0.17385847804981708,0.8927843635392511,7736.2092017271525,0,418881,
scale:medium:e2bdb9771d:customized:repeat_5:seed_20260724,scale,medium,customized,5,20260724,"{""alpha_a"": 0.5, ""alpha_l"": 0.7, ""alpha_r"": 0.8, ""beta_a"": 0.3, ""beta_l"": 0.4, ""beta_r"": 0.5, ""cloud_count"": 1, ""crossover_probability"": 0.5, ""dnn_count"": 60, ""edge_count"": 30, ""edge_link_factor"": 2.0, ""iteration_limit"": 200, ""lambda_g"": 0.7, ""lambda_h"": 0.7, ""mutation_probability"": 0.25, ""name"": ""medium"", ""population_size"": 60, ""preference"": ""adaptive"", ""suite"": ""scale"", ""use_dag_aware_initialization"": true, ""use_dag_block_crossover"": true, ""use_elite_local_search"": true, ""use_skew_mutation"": true, ""user_count"": 120}",587.3642181753273,0.1747709918204811,0.8618643532504565,7803.678609274711,0,385639,
scale:medium:e2bdb9771d:random:repeat_5:seed_20260724,scale,medium,random,5,20260724,"{""alpha_a"": 0.5, ""alpha_l"": 0.7, ""alpha_r"": 0.8, ""beta_a"": 0.3, ""beta_l"": 0.4, ""beta_r"": 0.5, ""cloud_count"": 1, ""crossover_probability"": 0.5, ""dnn_count"": 60, ""edge_count"": 30, ""edge_link_factor"": 2.0, ""iteration_limit"": 200, ""lambda_g"": 0.7, ""lambda_h"": 0.7, ""mutation_probability"": 0.25, ""name"": ""medium"", ""population_size"": 60, ""preference"": ""adaptive"", ""suite"": ""scale"", ""use_dag_aware_initialization"": true, ""use_dag_block_crossover"": true, ""use_elite_local_search"": true, ""use_skew_mutation"": true, ""user_count"": 120}",671.6064163785766,0.0035846179323904682,0.805928461140123,13768.822296528006,4,3179,
scale:medium:e2bdb9771d:localfirst:repeat_5:seed_20260724,scale,medium,localfirst,5,20260724,"{""alpha_a"": 0.5, ""alpha_l"": 0.7, ""alpha_r"": 0.8, ""beta_a"": 0.3, ""beta_l"": 0.4, ""beta_r"": 0.5, ""cloud_count"": 1, ""crossover_probability"": 0.5, ""dnn_count"": 60, ""edge_count"": 30, ""edge_link_factor"": 2.0, ""iteration_limit"": 200, ""lambda_g"": 0.7, ""lambda_h"": 0.7, ""mutation_probability"": 0.25, ""name"": ""medium"", ""population_size"": 60, ""preference"": ""adaptive"", ""suite"": ""scale"", ""use_dag_aware_initialization"": true, ""use_dag_block_crossover"": true, ""use_elite_local_search"": true, ""use_skew_mutation"": true, ""user_count"": 120}",797.1733681146483,0.18024259980558696,0.6250578764015577,7539.196973554051,0,143750,
scale:medium:e2bdb9771d:maxresource_fast:repeat_5:seed_20260724,scale,medium,maxresource_fast,5,20260724,"{""alpha_a"": 0.5, ""alpha_l"": 0.7, ""alpha_r"": 0.8, ""beta_a"": 0.3, ""beta_l"": 0.4, ""beta_r"": 0.5, ""cloud_count"": 1, ""crossover_probability"": 0.5, ""dnn_count"": 60, ""edge_count"": 30, ""edge_link_factor"": 2.0, ""iteration_limit"": 200, ""lambda_g"": 0.7, ""lambda_h"": 0.7, ""mutation_probability"": 0.25, ""name"": ""medium"", ""population_size"": 60, ""preference"": ""adaptive"", ""suite"": ""scale"", ""use_dag_aware_initialization"": true, ""use_dag_block_crossover"": true, ""use_elite_local_search"": true, ""use_skew_mutation"": true, ""user_count"": 120}",699.2102050755283,0.010116436042231437,0.7717231843396332,14148.320521797961,5,15580,
scale:medium:e2bdb9771d:rtbl:repeat_5:seed_20260724,scale,medium,rtbl,5,20260724,"{""alpha_a"": 0.5, ""alpha_l"": 0.7, ""alpha_r"": 0.8, ""beta_a"": 0.3, ""beta_l"": 0.4, ""beta_r"": 0.5, ""cloud_count"": 1, ""crossover_probability"": 0.5, ""dnn_count"": 60, ""edge_count"": 30, ""edge_link_factor"": 2.0, ""iteration_limit"": 200, ""lambda_g"": 0.7, ""lambda_h"": 0.7, ""mutation_probability"": 0.25, ""name"": ""medium"", ""population_size"": 60, ""preference"": ""adaptive"", ""suite"": ""scale"", ""use_dag_aware_initialization"": true, ""use_dag_block_crossover"": true, ""use_elite_local_search"": true, ""use_skew_mutation"": true, ""user_count"": 120}",764.0540927077299,0.26135158391264796,0.6740567989513223,6226.0534641884105,53,113,post_admission_v1
scale:medium:e2bdb9771d:proposed:repeat_6:seed_20260725,scale,medium,proposed,6,20260725,"{""alpha_a"": 0.5, ""alpha_l"": 0.7, ""alpha_r"": 0.8, ""beta_a"": 0.3, ""beta_l"": 0.4, ""beta_r"": 0.5, ""cloud_count"": 1, ""crossover_probability"": 0.5, ""dnn_count"": 60, ""edge_count"": 30, ""edge_link_factor"": 2.0, ""iteration_limit"": 200, ""lambda_g"": 0.7, ""lambda_h"": 0.7, ""mutation_probability"": 0.25, ""name"": ""medium"", ""population_size"": 60, ""preference"": ""adaptive"", ""suite"": ""scale"", ""use_dag_aware_initialization"": true, ""use_dag_block_crossover"": true, ""use_elite_local_search"": true, ""use_skew_mutation"": true, ""user_count"": 120}",715.2023692272468,0.20503106626084705,0.8973759473847767,7007.918598070018,1,437292,
scale:medium:e2bdb9771d:customized:repeat_6:seed_20260725,scale,medium,customized,6,20260725,"{""alpha_a"": 0.5, ""alpha_l"": 0.7, ""alpha_r"": 0.8, ""beta_a"": 0.3, ""beta_l"": 0.4, ""beta_r"": 0.5, ""cloud_count"": 1, ""crossover_probability"": 0.5, ""dnn_count"": 60, ""edge_count"": 30, ""edge_link_factor"": 2.0, ""iteration_limit"": 200, ""lambda_g"": 0.7, ""lambda_h"": 0.7, ""mutation_probability"": 0.25, ""name"": ""medium"", ""population_size"": 60, ""preference"": ""adaptive"", ""suite"": ""scale"", ""use_dag_aware_initialization"": true, ""use_dag_block_crossover"": true, ""use_elite_local_search"": true, ""use_skew_mutation"": true, ""user_count"": 120}",575.297998802385,0.19335629885757796,0.8712961829625783,6743.46761425976,0,345417,
scale:medium:e2bdb9771d:random:repeat_6:seed_20260725,scale,medium,random,6,20260725,"{""alpha_a"": 0.5, ""alpha_l"": 0.7, ""alpha_r"": 0.8, ""beta_a"": 0.3, ""beta_l"": 0.4, ""beta_r"": 0.5, ""cloud_count"": 1, ""crossover_probability"": 0.5, ""dnn_count"": 60, ""edge_count"": 30, ""edge_link_factor"": 2.0, ""iteration_limit"": 200, ""lambda_g"": 0.7, ""lambda_h"": 0.7, ""mutation_probability"": 0.25, ""name"": ""medium"", ""population_size"": 60, ""preference"": ""adaptive"", ""suite"": ""scale"", ""use_dag_aware_initialization"": true, ""use_dag_block_crossover"": true, ""use_elite_local_search"": true, ""use_skew_mutation"": true, ""user_count"": 120}",625.9231460011945,0.0045543362340011734,0.836264274616556,13450.234073460331,7,3202,
scale:medium:e2bdb9771d:localfirst:repeat_6:seed_20260725,scale,medium,localfirst,6,20260725,"{""alpha_a"": 0.5, ""alpha_l"": 0.7, ""alpha_r"": 0.8, ""beta_a"": 0.3, ""beta_l"": 0.4, ""beta_r"": 0.5, ""cloud_count"": 1, ""crossover_probability"": 0.5, ""dnn_count"": 60, ""edge_count"": 30, ""edge_link_factor"": 2.0, ""iteration_limit"": 200, ""lambda_g"": 0.7, ""lambda_h"": 0.7, ""mutation_probability"": 0.25, ""name"": ""medium"", ""population_size"": 60, ""preference"": ""adaptive"", ""suite"": ""scale"", ""use_dag_aware_initialization"": true, ""use_dag_block_crossover"": true, ""use_elite_local_search"": true, ""use_skew_mutation"": true, ""user_count"": 120}",730.5514518621585,0.2034915988862585,0.6219093307803635,6652.986506587362,0,281799,
scale:medium:e2bdb9771d:maxresource_fast:repeat_6:seed_20260725,scale,medium,maxresource_fast,6,20260725,"{""alpha_a"": 0.5, ""alpha_l"": 0.7, ""alpha_r"": 0.8, ""beta_a"": 0.3, ""beta_l"": 0.4, ""beta_r"": 0.5, ""cloud_count"": 1, ""crossover_probability"": 0.5, ""dnn_count"": 60, ""edge_count"": 30, ""edge_link_factor"": 2.0, ""iteration_limit"": 200, ""lambda_g"": 0.7, ""lambda_h"": 0.7, ""mutation_probability"": 0.25, ""name"": ""medium"", ""population_size"": 60, ""preference"": ""adaptive"", ""suite"": ""scale"", ""use_dag_aware_initialization"": true, ""use_dag_block_crossover"": true, ""use_elite_local_search"": true, ""use_skew_mutation"": true, ""user_count"": 120}",648.8015196463325,0.0219554700425894,0.7900179307946462,12531.234839446519,5,15593,
scale:medium:e2bdb9771d:rtbl:repeat_6:seed_20260725,scale,medium,rtbl,6,20260725,"{""alpha_a"": 0.5, ""alpha_l"": 0.7, ""alpha_r"": 0.8, ""beta_a"": 0.3, ""beta_l"": 0.4, ""beta_r"": 0.5, ""cloud_count"": 1, ""crossover_probability"": 0.5, ""dnn_count"": 60, ""edge_count"": 30, ""edge_link_factor"": 2.0, ""iteration_limit"": 200, ""lambda_g"": 0.7, ""lambda_h"": 0.7, ""mutation_probability"": 0.25, ""name"": ""medium"", ""population_size"": 60, ""preference"": ""adaptive"", ""suite"": ""scale"", ""use_dag_aware_initialization"": true, ""use_dag_block_crossover"": true, ""use_elite_local_search"": true, ""use_skew_mutation"": true, ""user_count"": 120}",476.1175359341342,0.11106289245566468,0.5609191485628462,7243.129665030754,8,484,post_admission_v1
scale:medium:e2bdb9771d:proposed:repeat_7:seed_20260726,scale,medium,proposed,7,20260726,"{""alpha_a"": 0.5, ""alpha_l"": 0.7, ""alpha_r"": 0.8, ""beta_a"": 0.3, ""beta_l"": 0.4, ""beta_r"": 0.5, ""cloud_count"": 1, ""crossover_probability"": 0.5, ""dnn_count"": 60, ""edge_count"": 30, ""edge_link_factor"": 2.0, ""iteration_limit"": 200, ""lambda_g"": 0.7, ""lambda_h"": 0.7, ""mutation_probability"": 0.25, ""name"": ""medium"", ""population_size"": 60, ""preference"": ""adaptive"", ""suite"": ""scale"", ""use_dag_aware_initialization"": true, ""use_dag_block_crossover"": true, ""use_elite_local_search"": true, ""use_skew_mutation"": true, ""user_count"": 120}",804.3641404565543,0.21181550045081093,0.9208099688664718,7489.379755058559,0,492711,
