task_id,suite,scenario,algorithm,repeat,seed,scenario_parameters,avg_estimated_delay,avg_dynamic_operation_reliability,avg_dynamic_accuracy_reliability,avg_total_energy,rejected_or_failed_count,runtime_ms
ablation:full:82d847d37c:customized:repeat_0:seed_20260719,ablation,full,customized,0,20260719,"{""alpha_a"": 0.5, ""alpha_l"": 0.7, ""alpha_r"": 0.8, ""beta_a"": 0.3, ""beta_l"": 0.4, ""beta_r"": 0.5, ""cloud_count"": 1, ""crossover_probability"": 0.5, ""dnn_count"": 30, ""edge_count"": 10, ""edge_link_factor"": 2.0, ""iteration_limit"": 200, ""lambda_g"": 0.7, ""lambda_h"": 0.7, ""mutation_probability"": 0.25, ""name"": ""full"", ""population_size"": 60, ""preference"": ""adaptive"", ""suite"": ""ablation"", ""use_dag_aware_initialization"": true, ""use_dag_block_crossover"": true, ""use_elite_local_search"": true, ""use_skew_mutation"": true, ""user_count"": null}",585.4710452733435,0.15857681364205076,0.7878773193626643,6190.967304063439,0,97636
ablation:full:82d847d37c:customized:repeat_1:seed_20260720,ablation,full,customized,1,20260720,"{""alpha_a"": 0.5, ""alpha_l"": 0.7, ""alpha_r"": 0.8, ""beta_a"": 0.3, ""beta_l"": 0.4, ""beta_r"": 0.5, ""cloud_count"": 1, ""crossover_probability"": 0.5, ""dnn_count"": 30, ""edge_count"": 10, ""edge_link_factor"": 2.0, ""iteration_limit"": 200, ""lambda_g"": 0.7, ""lambda_h"": 0.7, ""mutation_probability"": 0.25, ""name"": ""full"", ""population_size"": 60, ""preference"": ""adaptive"", ""suite"": ""ablation"", ""use_dag_aware_initialization"": true, ""use_dag_block_crossover"": true, ""use_elite_local_search"": true, ""use_skew_mutation"": true, ""user_count"": null}",522.7589904653419,0.16604198156803507,0.7318534940702449,6009.072345394557,0,100901
ablation:full:82d847d37c:customized:repeat_2:seed_20260721,ablation,full,customized,2,20260721,"{""alpha_a"": 0.5, ""alpha_l"": 0.7, ""alpha_r"": 0.8, ""beta_a"": 0.3, ""beta_l"": 0.4, ""beta_r"": 0.5, ""cloud_count"": 1, ""crossover_probability"": 0.5, ""dnn_count"": 30, ""edge_count"": 10, ""edge_link_factor"": 2.0, ""iteration_limit"": 200, ""lambda_g"": 0.7, ""lambda_h"": 0.7, ""mutation_probability"": 0.25, ""name"": ""full"", ""population_size"": 60, ""preference"": ""adaptive"", ""suite"": ""ablation"", ""use_dag_aware_initialization"": true, ""use_dag_block_crossover"": true, ""use_elite_local_search"": true, ""use_skew_mutation"": true, ""user_count"": null}",445.9688944377268,0.1728194490626768,0.7234918223896156,5935.4969996490645,0,103308
ablation:full:82d847d37c:customized:repeat_3:seed_20260722,ablation,full,customized,3,20260722,"{""alpha_a"": 0.5, ""alpha_l"": 0.7, ""alpha_r"": 0.8, ""beta_a"": 0.3, ""beta_l"": 0.4, ""beta_r"": 0.5, ""cloud_count"": 1, ""crossover_probability"": 0.5, ""dnn_count"": 30, ""edge_count"": 10, ""edge_link_factor"": 2.0, ""iteration_limit"": 200, ""lambda_g"": 0.7, ""lambda_h"": 0.7, ""mutation_probability"": 0.25, ""name"": ""full"", ""population_size"": 60, ""preference"": ""adaptive"", ""suite"": ""ablation"", ""use_dag_aware_initialization"": true, ""use_dag_block_crossover"": true, ""use_elite_local_search"": true, ""use_skew_mutation"": true, ""user_count"": null}",536.8969773769408,0.18274193269632025,0.7628585905960675,6177.639224393977,0,101790
ablation:full:82d847d37c:customized:repeat_4:seed_20260723,ablation,full,customized,4,20260723,"{""alpha_a"": 0.5, ""alpha_l"": 0.7, ""alpha_r"": 0.8, ""beta_a"": 0.3, ""beta_l"": 0.4, ""beta_r"": 0.5, ""cloud_count"": 1, ""crossover_probability"": 0.5, ""dnn_count"": 30, ""edge_count"": 10, ""edge_link_factor"": 2.0, ""iteration_limit"": 200, ""lambda_g"": 0.7, ""lambda_h"": 0.7, ""mutation_probability"": 0.25, ""name"": ""full"", ""population_size"": 60, ""preference"": ""adaptive"", ""suite"": ""ablation"", ""use_dag_aware_initialization"": true, ""use_dag_block_crossover"": true, ""use_elite_local_search"": true, ""use_skew_mutation"": true, ""user_count"": null}",529.5676812470248,0.18880957562658648,0.7895080981371547,5726.371158759943,0,98251
ablation:full:82d847d37c:customized:repeat_5:seed_20260724,ablation,full,customized,5,20260724,"{""alpha_a"": 0.5, ""alpha_l"": 0.7, ""alpha_r"": 0.8, ""beta_a"": 0.3, ""beta_l"": 0.4, ""beta_r"": 0.5, ""cloud_count"": 1, ""crossover_probability"": 0.5, ""dnn_count"": 30, ""edge_count"": 10, ""edge_link_factor"": 2.0, ""iteration_limit"": 200, ""lambda_g"": 0.7, ""lambda_h"": 0.7, ""mutation_probability"": 0.25, ""name"": ""full"", ""population_size"": 60, ""preference"": ""adaptive"", ""suite"": ""ablation"", ""use_dag_aware_initialization"": true, ""use_dag_block_crossover"": true, ""use_elite_local_search"": true, ""use_skew_mutation"": true, ""user_count"": null}",582.2015475451358,0.17895077931781325,0.7706259957182205,5614.629438133489,1,97190
ablation:full:82d847d37c:customized:repeat_6:seed_20260725,ablation,full,customized,6,20260725,"{""alpha_a"": 0.5, ""alpha_l"": 0.7, ""alpha_r"": 0.8, ""beta_a"": 0.3, ""beta_l"": 0.4, ""beta_r"": 0.5, ""cloud_count"": 1, ""crossover_probability"": 0.5, ""dnn_count"": 30, ""edge_count"": 10, ""edge_link_factor"": 2.0, ""iteration_limit"": 200, ""lambda_g"": 0.7, ""lambda_h"": 0.7, ""mutation_probability"": 0.25, ""name"": ""full"", ""population_size"": 60, ""preference"": ""adaptive"", ""suite"": ""ablation"", ""use_dag_aware_initialization"": true, ""use_dag_block_crossover"": true, ""use_elite_local_search"": true, ""use_skew_mutation"": true, ""user_count"": null}",552.3098214932498,0.16022686552417773,0.7702801621992276,6472.67318092196,0,102058
ablation:full:82d847d37c:customized:repeat_7:seed_20260726,ablation,full,customized,7,20260726,"{""alpha_a"": 0.5, ""alpha_l"": 0.7, ""alpha_r"": 0.8, ""beta_a"": 0.3, ""beta_l"": 0.4, ""beta_r"": 0.5, ""cloud_count"": 1, ""crossover_probability"": 0.5, ""dnn_count"": 30, ""edge_count"": 10, ""edge_link_factor"": 2.0, ""iteration_limit"": 200, ""lambda_g"": 0.7, ""lambda_h"": 0.7, ""mutation_probability"": 0.25, ""name"": ""full"", ""population_size"": 60, ""preference"": ""adaptive"", ""suite"": ""ablation"", ""use_dag_aware_initialization"": true, ""use_dag_block_crossover"": true, ""use_elite_local_search"": true, ""use_skew_mutation"": true, ""user_count"": null}",506.03273578912007,0.1465138494634397,0.7162725759419708,6549.8736257273395,1,107354
ablation:full:82d847d37c:customized:repeat_8:seed_20260727,ablation,full,customized,8,20260727,"{""alpha_a"": 0.5, ""alpha_l"": 0.7, ""alpha_r"": 0.8, ""beta_a"": 0.3, ""beta_l"": 0.4, ""beta_r"": 0.5, ""cloud_count"": 1, ""crossover_probability"": 0.5, ""dnn_count"": 30, ""edge_count"": 10, ""edge_link_factor"": 2.0, ""iteration_limit"": 200, ""lambda_g"": 0.7, ""lambda_h"": 0.7, ""mutation_probability"": 0.25, ""name"": ""full"", ""population_size"": 60, ""preference"": ""adaptive"", ""suite"": ""ablation"", ""use_dag_aware_initialization"": true, ""use_dag_block_crossover"": true, ""use_elite_local_search"": true, ""use_skew_mutation"": true, ""user_count"": null}",561.8693985559441,0.15580418594092563,0.71490059983055,6578.604376487279,0,112711
ablation:full:82d847d37c:customized:repeat_9:seed_20260728,ablation,full,customized,9,20260728,"{""alpha_a"": 0.5, ""alpha_l"": 0.7, ""alpha_r"": 0.8, ""beta_a"": 0.3, ""beta_l"": 0.4, ""beta_r"": 0.5, ""cloud_count"": 1, ""crossover_probability"": 0.5, ""dnn_count"": 30, ""edge_count"": 10, ""edge_link_factor"": 2.0, ""iteration_limit"": 200, ""lambda_g"": 0.7, ""lambda_h"": 0.7, ""mutation_probability"": 0.25, ""name"": ""full"", ""population_size"": 60, ""preference"": ""adaptive"", ""suite"": ""ablation"", ""use_dag_aware_initialization"": true, ""use_dag_block_crossover"": true, ""use_elite_local_search"": true, ""use_skew_mutation"": true, ""user_count"": null}",503.07981325961407,0.19553281595538388,0.7237170091572269,5494.112301217771,1,104851
ablation:wo_dag_init:5864bedd3d:customized:repeat_0:seed_20260719,ablation,wo_dag_init,customized,0,20260719,"{""alpha_a"": 0.5, ""alpha_l"": 0.7, ""alpha_r"": 0.8, ""beta_a"": 0.3, ""beta_l"": 0.4, ""beta_r"": 0.5, ""cloud_count"": 1, ""crossover_probability"": 0.5, ""dnn_count"": 30, ""edge_count"": 10, ""edge_link_factor"": 2.0, ""iteration_limit"": 200, ""lambda_g"": 0.7, ""lambda_h"": 0.7, ""mutation_probability"": 0.25, ""name"": ""wo_dag_init"", ""population_size"": 60, ""preference"": ""adaptive"", ""suite"": ""ablation"", ""use_dag_aware_initialization"": false, ""use_dag_block_crossover"": true, ""use_elite_local_search"": true, ""use_skew_mutation"": true, ""user_count"": null}",587.0830672502809,0.16738774755571348,0.794100380600383,6486.152386842272,1,104045
ablation:wo_dag_init:5864bedd3d:customized:repeat_1:seed_20260720,ablation,wo_dag_init,customized,1,20260720,"{""alpha_a"": 0.5, ""alpha_l"": 0.7, ""alpha_r"": 0.8, ""beta_a"": 0.3, ""beta_l"": 0.4, ""beta_r"": 0.5, ""cloud_count"": 1, ""crossover_probability"": 0.5, ""dnn_count"": 30, ""edge_count"": 10, ""edge_link_factor"": 2.0, ""iteration_limit"": 200, ""lambda_g"": 0.7, ""lambda_h"": 0.7, ""mutation_probability"": 0.25, ""name"": ""wo_dag_init"", ""population_size"": 60, ""preference"": ""adaptive"", ""suite"": ""ablation"", ""use_dag_aware_initialization"": false, ""use_dag_block_crossover"": true, ""use_elite_local_search"": true, ""use_skew_mutation"": true, ""user_count"": null}",527.2833016114027,0.1493458861153729,0.7420263382409658,6418.756150438189,0,106518
ablation:wo_dag_init:5864bedd3d:customized:repeat_2:seed_20260721,ablation,wo_dag_init,customized,2,20260721,"{""alpha_a"": 0.5, ""alpha_l"": 0.7, ""alpha_r"": 0.8, ""beta_a"": 0.3, ""beta_l"": 0.4, ""beta_r"": 0.5, ""cloud_count"": 1, ""crossover_probability"": 0.5, ""dnn_count"": 30, ""edge_count"": 10, ""edge_link_factor"": 2.0, ""iteration_limit"": 200, ""lambda_g"": 0.7, ""lambda_h"": 0.7, ""mutation_probability"": 0.25, ""name"": ""wo_dag_init"", ""population_size"": 60, ""preference"": ""adaptive"", ""suite"": ""ablation"", ""use_dag_aware_initialization"": false, ""use_dag_block_crossover"": true, ""use_elite_local_search"": true, ""use_skew_mutation"": true, ""user_count"": null}",455.73730412059194,0.1548811797350183,0.7224310512886604,6072.348967595463,0,104596
ablation:wo_dag_init:5864bedd3d:customized:repeat_3:seed_20260722,ablation,wo_dag_init,customized,3,20260722,"{""alpha_a"": 0.5, ""alpha_l"": 0.7, ""alpha_r"": 0.8, ""beta_a"": 0.3, ""beta_l"": 0.4, ""beta_r"": 0.5, ""cloud_count"": 1, ""crossover_probability"": 0.5, ""dnn_count"": 30, ""edge_count"": 10, ""edge_link_factor"": 2.0, ""iteration_limit"": 200, ""lambda_g"": 0.7, ""lambda_h"": 0.7, ""mutation_probability"": 0.25, ""name"": ""wo_dag_init"", ""population_size"": 60, ""preference"": ""adaptive"", ""suite"": ""ablation"", ""use_dag_aware_initialization"": false, ""use_dag_block_crossover"": true, ""use_elite_local_search"": true, ""use_skew_mutation"": true, ""user_count"": null}",555.8461698699509,0.14428074732579904,0.7741081391766771,6326.863336806205,0,110525
ablation:wo_dag_init:5864bedd3d:customized:repeat_4:seed_20260723,ablation,wo_dag_init,customized,4,20260723,"{""alpha_a"": 0.5, ""alpha_l"": 0.7, ""alpha_r"": 0.8, ""beta_a"": 0.3, ""beta_l"": 0.4, ""beta_r"": 0.5, ""cloud_count"": 1, ""crossover_probability"": 0.5, ""dnn_count"": 30, ""edge_count"": 10, ""edge_link_factor"": 2.0, ""iteration_limit"": 200, ""lambda_g"": 0.7, ""lambda_h"": 0.7, ""mutation_probability"": 0.25, ""name"": ""wo_dag_init"", ""population_size"": 60, ""preference"": ""adaptive"", ""suite"": ""ablation"", ""use_dag_aware_initialization"": false, ""use_dag_block_crossover"": true, ""use_elite_local_search"": true, ""use_skew_mutation"": true, ""user_count"": null}",532.6524536161625,0.1907120758417298,0.7788559504160102,5680.336196367089,0,103794
ablation:wo_dag_init:5864bedd3d:customized:repeat_5:seed_20260724,ablation,wo_dag_init,customized,5,20260724,"{""alpha_a"": 0.5, ""alpha_l"": 0.7, ""alpha_r"": 0.8, ""beta_a"": 0.3, ""beta_l"": 0.4, ""beta_r"": 0.5, ""cloud_count"": 1, ""crossover_probability"": 0.5, ""dnn_count"": 30, ""edge_count"": 10, ""edge_link_factor"": 2.0, ""iteration_limit"": 200, ""lambda_g"": 0.7, ""lambda_h"": 0.7, ""mutation_probability"": 0.25, ""name"": ""wo_dag_init"", ""population_size"": 60, ""preference"": ""adaptive"", ""suite"": ""ablation"", ""use_dag_aware_initialization"": false, ""use_dag_block_crossover"": true, ""use_elite_local_search"": true, ""use_skew_mutation"": true, ""user_count"": null}",584.8652556752188,0.18218059170384107,0.7582953819876237,5795.634117662149,1,102475
ablation:wo_dag_init:5864bedd3d:customized:repeat_6:seed_20260725,ablation,wo_dag_init,customized,6,20260725,"{""alpha_a"": 0.5, ""alpha_l"": 0.7, ""alpha_r"": 0.8, ""beta_a"": 0.3, ""beta_l"": 0.4, ""beta_r"": 0.5, ""cloud_count"": 1, ""crossover_probability"": 0.5, ""dnn_count"": 30, ""edge_count"": 10, ""edge_link_factor"": 2.0, ""iteration_limit"": 200, ""lambda_g"": 0.7, ""lambda_h"": 0.7, ""mutation_probability"": 0.25, ""name"": ""wo_dag_init"", ""population_size"": 60, ""preference"": ""adaptive"", ""suite"": ""ablation"", ""use_dag_aware_initialization"": false, ""use_dag_block_crossover"": true, ""use_elite_local_search"": true, ""use_skew_mutation"": true, ""user_count"": null}",530.7520544018362,0.19784270693647088,0.7629753309274658,6294.117087655719,0,107858
ablation:wo_dag_init:5864bedd3d:customized:repeat_7:seed_20260726,ablation,wo_dag_init,customized,7,20260726,"{""alpha_a"": 0.5, ""alpha_l"": 0.7, ""alpha_r"": 0.8, ""beta_a"": 0.3, ""beta_l"": 0.4, ""beta_r"": 0.5, ""cloud_count"": 1, ""crossover_probability"": 0.5, ""dnn_count"": 30, ""edge_count"": 10, ""edge_link_factor"": 2.0, ""iteration_limit"": 200, ""lambda_g"": 0.7, ""lambda_h"": 0.7, ""mutation_probability"": 0.25, ""name"": ""wo_dag_init"", ""population_size"": 60, ""preference"": ""adaptive"", ""suite"": ""ablation"", ""use_dag_aware_initialization"": false, ""use_dag_block_crossover"": true, ""use_elite_local_search"": true, ""use_skew_mutation"": true, ""user_count"": null}",492.75153099119143,0.1598134905891959,0.7197608518864675,6441.462965649533,0,107268
ablation:wo_dag_init:5864bedd3d:customized:repeat_8:seed_20260727,ablation,wo_dag_init,customized,8,20260727,"{""alpha_a"": 0.5, ""alpha_l"": 0.7, ""alpha_r"": 0.8, ""beta_a"": 0.3, ""beta_l"": 0.4, ""beta_r"": 0.5, ""cloud_count"": 1, ""crossover_probability"": 0.5, ""dnn_count"": 30, ""edge_count"": 10, ""edge_link_factor"": 2.0, ""iteration_limit"": 200, ""lambda_g"": 0.7, ""lambda_h"": 0.7, ""mutation_probability"": 0.25, ""name"": ""wo_dag_init"", ""population_size"": 60, ""preference"": ""adaptive"", ""suite"": ""ablation"", ""use_dag_aware_initialization"": false, ""use_dag_block_crossover"": true, ""use_elite_local_search"": true, ""use_skew_mutation"": true, ""user_count"": null}",546.464108029217,0.10910809734030331,0.7436483521083829,6728.993288902481,0,111747
ablation:wo_dag_init:5864bedd3d:customized:repeat_9:seed_20260728,ablation,wo_dag_init,customized,9,20260728,"{""alpha_a"": 0.5, ""alpha_l"": 0.7, ""alpha_r"": 0.8, ""beta_a"": 0.3, ""beta_l"": 0.4, ""beta_r"": 0.5, ""cloud_count"": 1, ""crossover_probability"": 0.5, ""dnn_count"": 30, ""edge_count"": 10, ""edge_link_factor"": 2.0, ""iteration_limit"": 200, ""lambda_g"": 0.7, ""lambda_h"": 0.7, ""mutation_probability"": 0.25, ""name"": ""wo_dag_init"", ""population_size"": 60, ""preference"": ""adaptive"", ""suite"": ""ablation"", ""use_dag_aware_initialization"": false, ""use_dag_block_crossover"": true, ""use_elite_local_search"": true, ""use_skew_mutation"": true, ""user_count"": null}",504.32748737902745,0.1709136727213303,0.7293832582854456,5923.430256295094,0,104083
ablation:wo_block_crossover:a10b40bd0d:customized:repeat_0:seed_20260719,ablation,wo_block_crossover,customized,0,20260719,"{""alpha_a"": 0.5, ""alpha_l"": 0.7, ""alpha_r"": 0.8, ""beta_a"": 0.3, ""beta_l"": 0.4, ""beta_r"": 0.5, ""cloud_count"": 1, ""crossover_probability"": 0.5, ""dnn_count"": 30, ""edge_count"": 10, ""edge_link_factor"": 2.0, ""iteration_limit"": 200, ""lambda_g"": 0.7, ""lambda_h"": 0.7, ""mutation_probability"": 0.25, ""name"": ""wo_block_crossover"", ""population_size"": 60, ""preference"": ""adaptive"", ""suite"": ""ablation"", ""use_dag_aware_initialization"": true, ""use_dag_block_crossover"": false, ""use_elite_local_search"": true, ""use_skew_mutation"": true, ""user_count"": null}",577.6989301483568,0.15580662506172327,0.7919993090428433,6456.764431321262,1,103774
ablation:wo_block_crossover:a10b40bd0d:customized:repeat_1:seed_20260720,ablation,wo_block_crossover,customized,1,20260720,"{""alpha_a"": 0.5, ""alpha_l"": 0.7, ""alpha_r"": 0.8, ""beta_a"": 0.3, ""beta_l"": 0.4, ""beta_r"": 0.5, ""cloud_count"": 1, ""crossover_probability"": 0.5, ""dnn_count"": 30, ""edge_count"": 10, ""edge_link_factor"": 2.0, ""iteration_limit"": 200, ""lambda_g"": 0.7, ""lambda_h"": 0.7, ""mutation_probability"": 0.25, ""name"": ""wo_block_crossover"", ""population_size"": 60, ""preference"": ""adaptive"", ""suite"": ""ablation"", ""use_dag_aware_initialization"": true, ""use_dag_block_crossover"": false, ""use_elite_local_search"": true, ""use_skew_mutation"": true, ""user_count"": null}",527.8076783634245,0.1387233709946046,0.7302690058055014,6010.674886591853,0,106057
ablation:wo_block_crossover:a10b40bd0d:customized:repeat_2:seed_20260721,ablation,wo_block_crossover,customized,2,20260721,"{""alpha_a"": 0.5, ""alpha_l"": 0.7, ""alpha_r"": 0.8, ""beta_a"": 0.3, ""beta_l"": 0.4, ""beta_r"": 0.5, ""cloud_count"": 1, ""crossover_probability"": 0.5, ""dnn_count"": 30, ""edge_count"": 10, ""edge_link_factor"": 2.0, ""iteration_limit"": 200, ""lambda_g"": 0.7, ""lambda_h"": 0.7, ""mutation_probability"": 0.25, ""name"": ""wo_block_crossover"", ""population_size"": 60, ""preference"": ""adaptive"", ""suite"": ""ablation"", ""use_dag_aware_initialization"": true, ""use_dag_block_crossover"": false, ""use_elite_local_search"": true, ""use_skew_mutation"": true, ""user_count"": null}",472.07250564428654,0.14083682135588843,0.7240727785843634,6274.414922780029,0,105044
ablation:wo_block_crossover:a10b40bd0d:customized:repeat_3:seed_20260722,ablation,wo_block_crossover,customized,3,20260722,"{""alpha_a"": 0.5, ""alpha_l"": 0.7, ""alpha_r"": 0.8, ""beta_a"": 0.3, ""beta_l"": 0.4, ""beta_r"": 0.5, ""cloud_count"": 1, ""crossover_probability"": 0.5, ""dnn_count"": 30, ""edge_count"": 10, ""edge_link_factor"": 2.0, ""iteration_limit"": 200, ""lambda_g"": 0.7, ""lambda_h"": 0.7, ""mutation_probability"": 0.25, ""name"": ""wo_block_crossover"", ""population_size"": 60, ""preference"": ""adaptive"", ""suite"": ""ablation"", ""use_dag_aware_initialization"": true, ""use_dag_block_crossover"": false, ""use_elite_local_search"": true, ""use_skew_mutation"": true, ""user_count"": null}",552.116459050592,0.13878127879503044,0.7674078252622664,6702.164516518795,0,108583
ablation:wo_block_crossover:a10b40bd0d:customized:repeat_4:seed_20260723,ablation,wo_block_crossover,customized,4,20260723,"{""alpha_a"": 0.5, ""alpha_l"": 0.7, ""alpha_r"": 0.8, ""beta_a"": 0.3, ""beta_l"": 0.4, ""beta_r"": 0.5, ""cloud_count"": 1, ""crossover_probability"": 0.5, ""dnn_count"": 30, ""edge_count"": 10, ""edge_link_factor"": 2.0, ""iteration_limit"": 200, ""lambda_g"": 0.7, ""lambda_h"": 0.7, ""mutation_probability"": 0.25, ""name"": ""wo_block_crossover"", ""population_size"": 60, ""preference"": ""adaptive"", ""suite"": ""ablation"", ""use_dag_aware_initialization"": true, ""use_dag_block_crossover"": false, ""use_elite_local_search"": true, ""use_skew_mutation"": true, ""user_count"": null}",532.8023447815809,0.187082275471301,0.7887095574527403,5959.680633366651,0,105390
ablation:wo_block_crossover:a10b40bd0d:customized:repeat_5:seed_20260724,ablation,wo_block_crossover,customized,5,20260724,"{""alpha_a"": 0.5, ""alpha_l"": 0.7, ""alpha_r"": 0.8, ""beta_a"": 0.3, ""beta_l"": 0.4, ""beta_r"": 0.5, ""cloud_count"": 1, ""crossover_probability"": 0.5, ""dnn_count"": 30, ""edge_count"": 10, ""edge_link_factor"": 2.0, ""iteration_limit"": 200, ""lambda_g"": 0.7, ""lambda_h"": 0.7, ""mutation_probability"": 0.25, ""name"": ""wo_block_crossover"", ""population_size"": 60, ""preference"": ""adaptive"", ""suite"": ""ablation"", ""use_dag_aware_initialization"": true, ""use_dag_block_crossover"": false, ""use_elite_local_search"": true, ""use_skew_mutation"": true, ""user_count"": null}",580.9004720964007,0.15729560880623566,0.7670883489294019,5764.861427111209,1,103367
ablation:wo_block_crossover:a10b40bd0d:customized:repeat_6:seed_20260725,ablation,wo_block_crossover,customized,6,20260725,"{""alpha_a"": 0.5, ""alpha_l"": 0.7, ""alpha_r"": 0.8, ""beta_a"": 0.3, ""beta_l"": 0.4, ""beta_r"": 0.5, ""cloud_count"": 1, ""crossover_probability"": 0.5, ""dnn_count"": 30, ""edge_count"": 10, ""edge_link_factor"": 2.0, ""iteration_limit"": 200, ""lambda_g"": 0.7, ""lambda_h"": 0.7, ""mutation_probability"": 0.25, ""name"": ""wo_block_crossover"", ""population_size"": 60, ""preference"": ""adaptive"", ""suite"": ""ablation"", ""use_dag_aware_initialization"": true, ""use_dag_block_crossover"": false, ""use_elite_local_search"": true, ""use_skew_mutation"": true, ""user_count"": null}",542.0518327701549,0.18201147080557853,0.7652709237208818,6345.047857429532,0,108353
ablation:wo_block_crossover:a10b40bd0d:customized:repeat_7:seed_20260726,ablation,wo_block_crossover,customized,7,20260726,"{""alpha_a"": 0.5, ""alpha_l"": 0.7, ""alpha_r"": 0.8, ""beta_a"": 0.3, ""beta_l"": 0.4, ""beta_r"": 0.5, ""cloud_count"": 1, ""crossover_probability"": 0.5, ""dnn_count"": 30, ""edge_count"": 10, ""edge_link_factor"": 2.0, ""iteration_limit"": 200, ""lambda_g"": 0.7, ""lambda_h"": 0.7, ""mutation_probability"": 0.25, ""name"": ""wo_block_crossover"", ""population_size"": 60, ""preference"": ""adaptive"", ""suite"": ""ablation"", ""use_dag_aware_initialization"": true, ""use_dag_block_crossover"": false, ""use_elite_local_search"": true, ""use_skew_mutation"": true, ""user_count"": null}",510.9951836247178,0.13136642181668448,0.7318622365641568,6886.287723981552,2,107919
ablation:wo_block_crossover:a10b40bd0d:customized:repeat_8:seed_20260727,ablation,wo_block_crossover,customized,8,20260727,"{""alpha_a"": 0.5, ""alpha_l"": 0.7, ""alpha_r"": 0.8, ""beta_a"": 0.3, ""beta_l"": 0.4, ""beta_r"": 0.5, ""cloud_count"": 1, ""crossover_probability"": 0.5, ""dnn_count"": 30, ""edge_count"": 10, ""edge_link_factor"": 2.0, ""iteration_limit"": 200, ""lambda_g"": 0.7, ""lambda_h"": 0.7, ""mutation_probability"": 0.25, ""name"": ""wo_block_crossover"", ""population_size"": 60, ""preference"": ""adaptive"", ""suite"": ""ablation"", ""use_dag_aware_initialization"": true, ""use_dag_block_crossover"": false, ""use_elite_local_search"": true, ""use_skew_mutation"": true, ""user_count"": null}",542.8096468545292,0.14250226859991924,0.7382853771492702,6320.058405587023,0,110140
ablation:wo_block_crossover:a10b40bd0d:customized:repeat_9:seed_20260728,ablation,wo_block_crossover,customized,9,20260728,"{""alpha_a"": 0.5, ""alpha_l"": 0.7, ""alpha_r"": 0.8, ""beta_a"": 0.3, ""beta_l"": 0.4, ""beta_r"": 0.5, ""cloud_count"": 1, ""crossover_probability"": 0.5, ""dnn_count"": 30, ""edge_count"": 10, ""edge_link_factor"": 2.0, ""iteration_limit"": 200, ""lambda_g"": 0.7, ""lambda_h"": 0.7, ""mutation_probability"": 0.25, ""name"": ""wo_block_crossover"", ""population_size"": 60, ""preference"": ""adaptive"", ""suite"": ""ablation"", ""use_dag_aware_initialization"": true, ""use_dag_block_crossover"": false, ""use_elite_local_search"": true, ""use_skew_mutation"": true, ""user_count"": null}",502.85813565858075,0.14528207760563294,0.7305309876119329,6477.79840504773,0,105318
ablation:wo_skew_mutation:873a06d904:customized:repeat_0:seed_20260719,ablation,wo_skew_mutation,customized,0,20260719,"{""alpha_a"": 0.5, ""alpha_l"": 0.7, ""alpha_r"": 0.8, ""beta_a"": 0.3, ""beta_l"": 0.4, ""beta_r"": 0.5, ""cloud_count"": 1, ""crossover_probability"": 0.5, ""dnn_count"": 30, ""edge_count"": 10, ""edge_link_factor"": 2.0, ""iteration_limit"": 200, ""lambda_g"": 0.7, ""lambda_h"": 0.7, ""mutation_probability"": 0.25, ""name"": ""wo_skew_mutation"", ""population_size"": 60, ""preference"": ""adaptive"", ""suite"": ""ablation"", ""use_dag_aware_initialization"": true, ""use_dag_block_crossover"": true, ""use_elite_local_search"": true, ""use_skew_mutation"": false, ""user_count"": null}",585.964163173457,0.1430501070355369,0.7960092059937306,6376.241740619677,1,102883
ablation:wo_skew_mutation:873a06d904:customized:repeat_1:seed_20260720,ablation,wo_skew_mutation,customized,1,20260720,"{""alpha_a"": 0.5, ""alpha_l"": 0.7, ""alpha_r"": 0.8, ""beta_a"": 0.3, ""beta_l"": 0.4, ""beta_r"": 0.5, ""cloud_count"": 1, ""crossover_probability"": 0.5, ""dnn_count"": 30, ""edge_count"": 10, ""edge_link_factor"": 2.0, ""iteration_limit"": 200, ""lambda_g"": 0.7, ""lambda_h"": 0.7, ""mutation_probability"": 0.25, ""name"": ""wo_skew_mutation"", ""population_size"": 60, ""preference"": ""adaptive"", ""suite"": ""ablation"", ""use_dag_aware_initialization"": true, ""use_dag_block_crossover"": true, ""use_elite_local_search"": true, ""use_skew_mutation"": false, ""user_count"": null}",528.3666010479543,0.14182609868610235,0.7281330712080101,6590.444072917566,0,109194
ablation:wo_skew_mutation:873a06d904:customized:repeat_2:seed_20260721,ablation,wo_skew_mutation,customized,2,20260721,"{""alpha_a"": 0.5, ""alpha_l"": 0.7, ""alpha_r"": 0.8, ""beta_a"": 0.3, ""beta_l"": 0.4, ""beta_r"": 0.5, ""cloud_count"": 1, ""crossover_probability"": 0.5, ""dnn_count"": 30, ""edge_count"": 10, ""edge_link_factor"": 2.0, ""iteration_limit"": 200, ""lambda_g"": 0.7, ""lambda_h"": 0.7, ""mutation_probability"": 0.25, ""name"": ""wo_skew_mutation"", ""population_size"": 60, ""preference"": ""adaptive"", ""suite"": ""ablation"", ""use_dag_aware_initialization"": true, ""use_dag_block_crossover"": true, ""use_elite_local_search"": true, ""use_skew_mutation"": false, ""user_count"": null}",466.89392800769315,0.11815437549816173,0.7426375124835247,6685.538484616296,0,106450
ablation:wo_skew_mutation:873a06d904:customized:repeat_3:seed_20260722,ablation,wo_skew_mutation,customized,3,20260722,"{""alpha_a"": 0.5, ""alpha_l"": 0.7, ""alpha_r"": 0.8, ""beta_a"": 0.3, ""beta_l"": 0.4, ""beta_r"": 0.5, ""cloud_count"": 1, ""crossover_probability"": 0.5, ""dnn_count"": 30, ""edge_count"": 10, ""edge_link_factor"": 2.0, ""iteration_limit"": 200, ""lambda_g"": 0.7, ""lambda_h"": 0.7, ""mutation_probability"": 0.25, ""name"": ""wo_skew_mutation"", ""population_size"": 60, ""preference"": ""adaptive"", ""suite"": ""ablation"", ""use_dag_aware_initialization"": true, ""use_dag_block_crossover"": true, ""use_elite_local_search"": true, ""use_skew_mutation"": false, ""user_count"": null}",556.0565728837071,0.15152851495004577,0.759570180860175,6472.537768501015,0,107388
ablation:wo_skew_mutation:873a06d904:customized:repeat_4:seed_20260723,ablation,wo_skew_mutation,customized,4,20260723,"{""alpha_a"": 0.5, ""alpha_l"": 0.7, ""alpha_r"": 0.8, ""beta_a"": 0.3, ""beta_l"": 0.4, ""beta_r"": 0.5, ""cloud_count"": 1, ""crossover_probability"": 0.5, ""dnn_count"": 30, ""edge_count"": 10, ""edge_link_factor"": 2.0, ""iteration_limit"": 200, ""lambda_g"": 0.7, ""lambda_h"": 0.7, ""mutation_probability"": 0.25, ""name"": ""wo_skew_mutation"", ""population_size"": 60, ""preference"": ""adaptive"", ""suite"": ""ablation"", ""use_dag_aware_initialization"": true, ""use_dag_block_crossover"": true, ""use_elite_local_search"": true, ""use_skew_mutation"": false, ""user_count"": null}",530.3320345323492,0.15677136618127432,0.799194387693961,6138.458938564453,0,105617
ablation:wo_skew_mutation:873a06d904:customized:repeat_5:seed_20260724,ablation,wo_skew_mutation,customized,5,20260724,"{""alpha_a"": 0.5, ""alpha_l"": 0.7, ""alpha_r"": 0.8, ""beta_a"": 0.3, ""beta_l"": 0.4, ""beta_r"": 0.5, ""cloud_count"": 1, ""crossover_probability"": 0.5, ""dnn_count"": 30, ""edge_count"": 10, ""edge_link_factor"": 2.0, ""iteration_limit"": 200, ""lambda_g"": 0.7, ""lambda_h"": 0.7, ""mutation_probability"": 0.25, ""name"": ""wo_skew_mutation"", ""population_size"": 60, ""preference"": ""adaptive"", ""suite"": ""ablation"", ""use_dag_aware_initialization"": true, ""use_dag_block_crossover"": true, ""use_elite_local_search"": true, ""use_skew_mutation"": false, ""user_count"": null}",585.8166182671247,0.16660586274060182,0.7696979836731713,5770.3665845360865,1,102929
ablation:wo_skew_mutation:873a06d904:customized:repeat_6:seed_20260725,ablation,wo_skew_mutation,customized,6,20260725,"{""alpha_a"": 0.5, ""alpha_l"": 0.7, ""alpha_r"": 0.8, ""beta_a"": 0.3, ""beta_l"": 0.4, ""beta_r"": 0.5, ""cloud_count"": 1, ""crossover_probability"": 0.5, ""dnn_count"": 30, ""edge_count"": 10, ""edge_link_factor"": 2.0, ""iteration_limit"": 200, ""lambda_g"": 0.7, ""lambda_h"": 0.7, ""mutation_probability"": 0.25, ""name"": ""wo_skew_mutation"", ""population_size"": 60, ""preference"": ""adaptive"", ""suite"": ""ablation"", ""use_dag_aware_initialization"": true, ""use_dag_block_crossover"": true, ""use_elite_local_search"": true, ""use_skew_mutation"": false, ""user_count"": null}",559.8842128580092,0.14149083526512538,0.7779108017940957,6629.355369372815,0,110691
ablation:wo_skew_mutation:873a06d904:customized:repeat_7:seed_20260726,ablation,wo_skew_mutation,customized,7,20260726,"{""alpha_a"": 0.5, ""alpha_l"": 0.7, ""alpha_r"": 0.8, ""beta_a"": 0.3, ""beta_l"": 0.4, ""beta_r"": 0.5, ""cloud_count"": 1, ""crossover_probability"": 0.5, ""dnn_count"": 30, ""edge_count"": 10, ""edge_link_factor"": 2.0, ""iteration_limit"": 200, ""lambda_g"": 0.7, ""lambda_h"": 0.7, ""mutation_probability"": 0.25, ""name"": ""wo_skew_mutation"", ""population_size"": 60, ""preference"": ""adaptive"", ""suite"": ""ablation"", ""use_dag_aware_initialization"": true, ""use_dag_block_crossover"": true, ""use_elite_local_search"": true, ""use_skew_mutation"": false, ""user_count"": null}",502.6038190346483,0.14665181143234346,0.716143956993847,6656.227140007908,0,109011
ablation:wo_skew_mutation:873a06d904:customized:repeat_8:seed_20260727,ablation,wo_skew_mutation,customized,8,20260727,"{""alpha_a"": 0.5, ""alpha_l"": 0.7, ""alpha_r"": 0.8, ""beta_a"": 0.3, ""beta_l"": 0.4, ""beta_r"": 0.5, ""cloud_count"": 1, ""crossover_probability"": 0.5, ""dnn_count"": 30, ""edge_count"": 10, ""edge_link_factor"": 2.0, ""iteration_limit"": 200, ""lambda_g"": 0.7, ""lambda_h"": 0.7, ""mutation_probability"": 0.25, ""name"": ""wo_skew_mutation"", ""population_size"": 60, ""preference"": ""adaptive"", ""suite"": ""ablation"", ""use_dag_aware_initialization"": true, ""use_dag_block_crossover"": true, ""use_elite_local_search"": true, ""use_skew_mutation"": false, ""user_count"": null}",559.145814756819,0.12165658878287547,0.7472871213482465,6596.054443870274,0,114426
ablation:wo_skew_mutation:873a06d904:customized:repeat_9:seed_20260728,ablation,wo_skew_mutation,customized,9,20260728,"{""alpha_a"": 0.5, ""alpha_l"": 0.7, ""alpha_r"": 0.8, ""beta_a"": 0.3, ""beta_l"": 0.4, ""beta_r"": 0.5, ""cloud_count"": 1, ""crossover_probability"": 0.5, ""dnn_count"": 30, ""edge_count"": 10, ""edge_link_factor"": 2.0, ""iteration_limit"": 200, ""lambda_g"": 0.7, ""lambda_h"": 0.7, ""mutation_probability"": 0.25, ""name"": ""wo_skew_mutation"", ""population_size"": 60, ""preference"": ""adaptive"", ""suite"": ""ablation"", ""use_dag_aware_initialization"": true, ""use_dag_block_crossover"": true, ""use_elite_local_search"": true, ""use_skew_mutation"": false, ""user_count"": null}",517.5364787188446,0.11427895845706916,0.7435737254764733,6514.422802338452,0,104655
ablation:wo_elite_local_search:32ebc13b53:customized:repeat_0:seed_20260719,ablation,wo_elite_local_search,customized,0,20260719,"{""alpha_a"": 0.5, ""alpha_l"": 0.7, ""alpha_r"": 0.8, ""beta_a"": 0.3, ""beta_l"": 0.4, ""beta_r"": 0.5, ""cloud_count"": 1, ""crossover_probability"": 0.5, ""dnn_count"": 30, ""edge_count"": 10, ""edge_link_factor"": 2.0, ""iteration_limit"": 200, ""lambda_g"": 0.7, ""lambda_h"": 0.7, ""mutation_probability"": 0.25, ""name"": ""wo_elite_local_search"", ""population_size"": 60, ""preference"": ""adaptive"", ""suite"": ""ablation"", ""use_dag_aware_initialization"": true, ""use_dag_block_crossover"": true, ""use_elite_local_search"": false, ""use_skew_mutation"": true, ""user_count"": null}",572.475910010543,0.17289663835766014,0.790449071429508,6155.93686997804,1,81741
ablation:wo_elite_local_search:32ebc13b53:customized:repeat_1:seed_20260720,ablation,wo_elite_local_search,customized,1,20260720,"{""alpha_a"": 0.5, ""alpha_l"": 0.7, ""alpha_r"": 0.8, ""beta_a"": 0.3, ""beta_l"": 0.4, ""beta_r"": 0.5, ""cloud_count"": 1, ""crossover_probability"": 0.5, ""dnn_count"": 30, ""edge_count"": 10, ""edge_link_factor"": 2.0, ""iteration_limit"": 200, ""lambda_g"": 0.7, ""lambda_h"": 0.7, ""mutation_probability"": 0.25, ""name"": ""wo_elite_local_search"", ""population_size"": 60, ""preference"": ""adaptive"", ""suite"": ""ablation"", ""use_dag_aware_initialization"": true, ""use_dag_block_crossover"": true, ""use_elite_local_search"": false, ""use_skew_mutation"": true, ""user_count"": null}",525.9019838996783,0.17324680222142977,0.7238242047618172,5906.071868099385,0,84912
ablation:wo_elite_local_search:32ebc13b53:customized:repeat_2:seed_20260721,ablation,wo_elite_local_search,customized,2,20260721,"{""alpha_a"": 0.5, ""alpha_l"": 0.7, ""alpha_r"": 0.8, ""beta_a"": 0.3, ""beta_l"": 0.4, ""beta_r"": 0.5, ""cloud_count"": 1, ""crossover_probability"": 0.5, ""dnn_count"": 30, ""edge_count"": 10, ""edge_link_factor"": 2.0, ""iteration_limit"": 200, ""lambda_g"": 0.7, ""lambda_h"": 0.7, ""mutation_probability"": 0.25, ""name"": ""wo_elite_local_search"", ""population_size"": 60, ""preference"": ""adaptive"", ""suite"": ""ablation"", ""use_dag_aware_initialization"": true, ""use_dag_block_crossover"": true, ""use_elite_local_search"": false, ""use_skew_mutation"": true, ""user_count"": null}",464.0783143179708,0.13201024122095478,0.73141941415184,6622.696684798951,0,85736
ablation:wo_elite_local_search:32ebc13b53:customized:repeat_3:seed_20260722,ablation,wo_elite_local_search,customized,3,20260722,"{""alpha_a"": 0.5, ""alpha_l"": 0.7, ""alpha_r"": 0.8, ""beta_a"": 0.3, ""beta_l"": 0.4, ""beta_r"": 0.5, ""cloud_count"": 1, ""crossover_probability"": 0.5, ""dnn_count"": 30, ""edge_count"": 10, ""edge_link_factor"": 2.0, ""iteration_limit"": 200, ""lambda_g"": 0.7, ""lambda_h"": 0.7, ""mutation_probability"": 0.25, ""name"": ""wo_elite_local_search"", ""population_size"": 60, ""preference"": ""adaptive"", ""suite"": ""ablation"", ""use_dag_aware_initialization"": true, ""use_dag_block_crossover"": true, ""use_elite_local_search"": false, ""use_skew_mutation"": true, ""user_count"": null}",546.5163354244216,0.18743488602741806,0.7592124509105427,5955.896634966746,0,87209
ablation:wo_elite_local_search:32ebc13b53:customized:repeat_4:seed_20260723,ablation,wo_elite_local_search,customized,4,20260723,"{""alpha_a"": 0.5, ""alpha_l"": 0.7, ""alpha_r"": 0.8, ""beta_a"": 0.3, ""beta_l"": 0.4, ""beta_r"": 0.5, ""cloud_count"": 1, ""crossover_probability"": 0.5, ""dnn_count"": 30, ""edge_count"": 10, ""edge_link_factor"": 2.0, ""iteration_limit"": 200, ""lambda_g"": 0.7, ""lambda_h"": 0.7, ""mutation_probability"": 0.25, ""name"": ""wo_elite_local_search"", ""population_size"": 60, ""preference"": ""adaptive"", ""suite"": ""ablation"", ""use_dag_aware_initialization"": true, ""use_dag_block_crossover"": true, ""use_elite_local_search"": false, ""use_skew_mutation"": true, ""user_count"": null}",521.7125276915799,0.2081214881103714,0.777687998777136,5405.256611280138,0,83655
ablation:wo_elite_local_search:32ebc13b53:customized:repeat_5:seed_20260724,ablation,wo_elite_local_search,customized,5,20260724,"{""alpha_a"": 0.5, ""alpha_l"": 0.7, ""alpha_r"": 0.8, ""beta_a"": 0.3, ""beta_l"": 0.4, ""beta_r"": 0.5, ""cloud_count"": 1, ""crossover_probability"": 0.5, ""dnn_count"": 30, ""edge_count"": 10, ""edge_link_factor"": 2.0, ""iteration_limit"": 200, ""lambda_g"": 0.7, ""lambda_h"": 0.7, ""mutation_probability"": 0.25, ""name"": ""wo_elite_local_search"", ""population_size"": 60, ""preference"": ""adaptive"", ""suite"": ""ablation"", ""use_dag_aware_initialization"": true, ""use_dag_block_crossover"": true, ""use_elite_local_search"": false, ""use_skew_mutation"": true, ""user_count"": null}",604.2067972551932,0.15613993268333848,0.7663079155675835,5878.467974155987,1,80788
ablation:wo_elite_local_search:32ebc13b53:customized:repeat_6:seed_20260725,ablation,wo_elite_local_search,customized,6,20260725,"{""alpha_a"": 0.5, ""alpha_l"": 0.7, ""alpha_r"": 0.8, ""beta_a"": 0.3, ""beta_l"": 0.4, ""beta_r"": 0.5, ""cloud_count"": 1, ""crossover_probability"": 0.5, ""dnn_count"": 30, ""edge_count"": 10, ""edge_link_factor"": 2.0, ""iteration_limit"": 200, ""lambda_g"": 0.7, ""lambda_h"": 0.7, ""mutation_probability"": 0.25, ""name"": ""wo_elite_local_search"", ""population_size"": 60, ""preference"": ""adaptive"", ""suite"": ""ablation"", ""use_dag_aware_initialization"": true, ""use_dag_block_crossover"": true, ""use_elite_local_search"": false, ""use_skew_mutation"": true, ""user_count"": null}",563.1879852123244,0.15028790109389847,0.7809207340145257,6530.69097533798,1,83498
ablation:wo_elite_local_search:32ebc13b53:customized:repeat_7:seed_20260726,ablation,wo_elite_local_search,customized,7,20260726,"{""alpha_a"": 0.5, ""alpha_l"": 0.7, ""alpha_r"": 0.8, ""beta_a"": 0.3, ""beta_l"": 0.4, ""beta_r"": 0.5, ""cloud_count"": 1, ""crossover_probability"": 0.5, ""dnn_count"": 30, ""edge_count"": 10, ""edge_link_factor"": 2.0, ""iteration_limit"": 200, ""lambda_g"": 0.7, ""lambda_h"": 0.7, ""mutation_probability"": 0.25, ""name"": ""wo_elite_local_search"", ""population_size"": 60, ""preference"": ""adaptive"", ""suite"": ""ablation"", ""use_dag_aware_initialization"": true, ""use_dag_block_crossover"": true, ""use_elite_local_search"": false, ""use_skew_mutation"": true, ""user_count"": null}",503.70875743211445,0.1462180478898523,0.7279507197863456,6880.106534869102,1,86047
ablation:wo_elite_local_search:32ebc13b53:customized:repeat_8:seed_20260727,ablation,wo_elite_local_search,customized,8,20260727,"{""alpha_a"": 0.5, ""alpha_l"": 0.7, ""alpha_r"": 0.8, ""beta_a"": 0.3, ""beta_l"": 0.4, ""beta_r"": 0.5, ""cloud_count"": 1, ""crossover_probability"": 0.5, ""dnn_count"": 30, ""edge_count"": 10, ""edge_link_factor"": 2.0, ""iteration_limit"": 200, ""lambda_g"": 0.7, ""lambda_h"": 0.7, ""mutation_probability"": 0.25, ""name"": ""wo_elite_local_search"", ""population_size"": 60, ""preference"": ""adaptive"", ""suite"": ""ablation"", ""use_dag_aware_initialization"": true, ""use_dag_block_crossover"": true, ""use_elite_local_search"": false, ""use_skew_mutation"": true, ""user_count"": null}",543.5930828356961,0.15042327884585455,0.7280163010622385,6123.939428223727,0,86317
ablation:wo_elite_local_search:32ebc13b53:customized:repeat_9:seed_20260728,ablation,wo_elite_local_search,customized,9,20260728,"{""alpha_a"": 0.5, ""alpha_l"": 0.7, ""alpha_r"": 0.8, ""beta_a"": 0.3, ""beta_l"": 0.4, ""beta_r"": 0.5, ""cloud_count"": 1, ""crossover_probability"": 0.5, ""dnn_count"": 30, ""edge_count"": 10, ""edge_link_factor"": 2.0, ""iteration_limit"": 200, ""lambda_g"": 0.7, ""lambda_h"": 0.7, ""mutation_probability"": 0.25, ""name"": ""wo_elite_local_search"", ""population_size"": 60, ""preference"": ""adaptive"", ""suite"": ""ablation"", ""use_dag_aware_initialization"": true, ""use_dag_block_crossover"": true, ""use_elite_local_search"": false, ""use_skew_mutation"": true, ""user_count"": null}",500.61106114249355,0.16228537089510892,0.7274530410171792,6193.051843373915,0,82105
ablation:nsga_only:6e474f7e28:customized:repeat_0:seed_20260719,ablation,nsga_only,customized,0,20260719,"{""alpha_a"": 0.5, ""alpha_l"": 0.7, ""alpha_r"": 0.8, ""beta_a"": 0.3, ""beta_l"": 0.4, ""beta_r"": 0.5, ""cloud_count"": 1, ""crossover_probability"": 0.5, ""dnn_count"": 30, ""edge_count"": 10, ""edge_link_factor"": 2.0, ""iteration_limit"": 200, ""lambda_g"": 0.7, ""lambda_h"": 0.7, ""mutation_probability"": 0.25, ""name"": ""nsga_only"", ""population_size"": 60, ""preference"": ""adaptive"", ""suite"": ""ablation"", ""use_dag_aware_initialization"": false, ""use_dag_block_crossover"": false, ""use_elite_local_search"": false, ""use_skew_mutation"": false, ""user_count"": null}",577.8401845351779,0.13186228747243894,0.7973720698334887,6473.770852120244,0,81120
ablation:nsga_only:6e474f7e28:customized:repeat_1:seed_20260720,ablation,nsga_only,customized,1,20260720,"{""alpha_a"": 0.5, ""alpha_l"": 0.7, ""alpha_r"": 0.8, ""beta_a"": 0.3, ""beta_l"": 0.4, ""beta_r"": 0.5, ""cloud_count"": 1, ""crossover_probability"": 0.5, ""dnn_count"": 30, ""edge_count"": 10, ""edge_link_factor"": 2.0, ""iteration_limit"": 200, ""lambda_g"": 0.7, ""lambda_h"": 0.7, ""mutation_probability"": 0.25, ""name"": ""nsga_only"", ""population_size"": 60, ""preference"": ""adaptive"", ""suite"": ""ablation"", ""use_dag_aware_initialization"": false, ""use_dag_block_crossover"": false, ""use_elite_local_search"": false, ""use_skew_mutation"": false, ""user_count"": null}",525.581099226525,0.16550271748057463,0.7367257761660635,5971.137761090592,0,83769
ablation:nsga_only:6e474f7e28:customized:repeat_2:seed_20260721,ablation,nsga_only,customized,2,20260721,"{""alpha_a"": 0.5, ""alpha_l"": 0.7, ""alpha_r"": 0.8, ""beta_a"": 0.3, ""beta_l"": 0.4, ""beta_r"": 0.5, ""cloud_count"": 1, ""crossover_probability"": 0.5, ""dnn_count"": 30, ""edge_count"": 10, ""edge_link_factor"": 2.0, ""iteration_limit"": 200, ""lambda_g"": 0.7, ""lambda_h"": 0.7, ""mutation_probability"": 0.25, ""name"": ""nsga_only"", ""population_size"": 60, ""preference"": ""adaptive"", ""suite"": ""ablation"", ""use_dag_aware_initialization"": false, ""use_dag_block_crossover"": false, ""use_elite_local_search"": false, ""use_skew_mutation"": false, ""user_count"": null}",452.52104890393537,0.1381455598927311,0.7343441024761742,6200.885444693138,0,82803
ablation:nsga_only:6e474f7e28:customized:repeat_3:seed_20260722,ablation,nsga_only,customized,3,20260722,"{""alpha_a"": 0.5, ""alpha_l"": 0.7, ""alpha_r"": 0.8, ""beta_a"": 0.3, ""beta_l"": 0.4, ""beta_r"": 0.5, ""cloud_count"": 1, ""crossover_probability"": 0.5, ""dnn_count"": 30, ""edge_count"": 10, ""edge_link_factor"": 2.0, ""iteration_limit"": 200, ""lambda_g"": 0.7, ""lambda_h"": 0.7, ""mutation_probability"": 0.25, ""name"": ""nsga_only"", ""population_size"": 60, ""preference"": ""adaptive"", ""suite"": ""ablation"", ""use_dag_aware_initialization"": false, ""use_dag_block_crossover"": false, ""use_elite_local_search"": false, ""use_skew_mutation"": false, ""user_count"": null}",549.4714445963441,0.1440071964168209,0.7678686617730722,6707.237978742221,0,83911
ablation:nsga_only:6e474f7e28:customized:repeat_4:seed_20260723,ablation,nsga_only,customized,4,20260723,"{""alpha_a"": 0.5, ""alpha_l"": 0.7, ""alpha_r"": 0.8, ""beta_a"": 0.3, ""beta_l"": 0.4, ""beta_r"": 0.5, ""cloud_count"": 1, ""crossover_probability"": 0.5, ""dnn_count"": 30, ""edge_count"": 10, ""edge_link_factor"": 2.0, ""iteration_limit"": 200, ""lambda_g"": 0.7, ""lambda_h"": 0.7, ""mutation_probability"": 0.25, ""name"": ""nsga_only"", ""population_size"": 60, ""preference"": ""adaptive"", ""suite"": ""ablation"", ""use_dag_aware_initialization"": false, ""use_dag_block_crossover"": false, ""use_elite_local_search"": false, ""use_skew_mutation"": false, ""user_count"": null}",536.1289392962944,0.15800752510695634,0.8032711468204894,5948.177319996312,0,81998
ablation:nsga_only:6e474f7e28:customized:repeat_5:seed_20260724,ablation,nsga_only,customized,5,20260724,"{""alpha_a"": 0.5, ""alpha_l"": 0.7, ""alpha_r"": 0.8, ""beta_a"": 0.3, ""beta_l"": 0.4, ""beta_r"": 0.5, ""cloud_count"": 1, ""crossover_probability"": 0.5, ""dnn_count"": 30, ""edge_count"": 10, ""edge_link_factor"": 2.0, ""iteration_limit"": 200, ""lambda_g"": 0.7, ""lambda_h"": 0.7, ""mutation_probability"": 0.25, ""name"": ""nsga_only"", ""population_size"": 60, ""preference"": ""adaptive"", ""suite"": ""ablation"", ""use_dag_aware_initialization"": false, ""use_dag_block_crossover"": false, ""use_elite_local_search"": false, ""use_skew_mutation"": false, ""user_count"": null}",585.9572615370329,0.1393842057716027,0.7760101285071874,6169.688251381454,1,81658
ablation:nsga_only:6e474f7e28:customized:repeat_6:seed_20260725,ablation,nsga_only,customized,6,20260725,"{""alpha_a"": 0.5, ""alpha_l"": 0.7, ""alpha_r"": 0.8, ""beta_a"": 0.3, ""beta_l"": 0.4, ""beta_r"": 0.5, ""cloud_count"": 1, ""crossover_probability"": 0.5, ""dnn_count"": 30, ""edge_count"": 10, ""edge_link_factor"": 2.0, ""iteration_limit"": 200, ""lambda_g"": 0.7, ""lambda_h"": 0.7, ""mutation_probability"": 0.25, ""name"": ""nsga_only"", ""population_size"": 60, ""preference"": ""adaptive"", ""suite"": ""ablation"", ""use_dag_aware_initialization"": false, ""use_dag_block_crossover"": false, ""use_elite_local_search"": false, ""use_skew_mutation"": false, ""user_count"": null}",564.7215384027744,0.11472910562941456,0.7730969113132001,6920.323445263977,0,87246
ablation:nsga_only:6e474f7e28:customized:repeat_7:seed_20260726,ablation,nsga_only,customized,7,20260726,"{""alpha_a"": 0.5, ""alpha_l"": 0.7, ""alpha_r"": 0.8, ""beta_a"": 0.3, ""beta_l"": 0.4, ""beta_r"": 0.5, ""cloud_count"": 1, ""crossover_probability"": 0.5, ""dnn_count"": 30, ""edge_count"": 10, ""edge_link_factor"": 2.0, ""iteration_limit"": 200, ""lambda_g"": 0.7, ""lambda_h"": 0.7, ""mutation_probability"": 0.25, ""name"": ""nsga_only"", ""population_size"": 60, ""preference"": ""adaptive"", ""suite"": ""ablation"", ""use_dag_aware_initialization"": false, ""use_dag_block_crossover"": false, ""use_elite_local_search"": false, ""use_skew_mutation"": false, ""user_count"": null}",518.4277865629358,0.12136299954117072,0.7345838362386471,6965.441139250178,1,86733
ablation:nsga_only:6e474f7e28:customized:repeat_8:seed_20260727,ablation,nsga_only,customized,8,20260727,"{""alpha_a"": 0.5, ""alpha_l"": 0.7, ""alpha_r"": 0.8, ""beta_a"": 0.3, ""beta_l"": 0.4, ""beta_r"": 0.5, ""cloud_count"": 1, ""crossover_probability"": 0.5, ""dnn_count"": 30, ""edge_count"": 10, ""edge_link_factor"": 2.0, ""iteration_limit"": 200, ""lambda_g"": 0.7, ""lambda_h"": 0.7, ""mutation_probability"": 0.25, ""name"": ""nsga_only"", ""population_size"": 60, ""preference"": ""adaptive"", ""suite"": ""ablation"", ""use_dag_aware_initialization"": false, ""use_dag_block_crossover"": false, ""use_elite_local_search"": false, ""use_skew_mutation"": false, ""user_count"": null}",543.6803906796962,0.11253789899812489,0.7553017429173444,6923.123665858317,1,85638
ablation:nsga_only:6e474f7e28:customized:repeat_9:seed_20260728,ablation,nsga_only,customized,9,20260728,"{""alpha_a"": 0.5, ""alpha_l"": 0.7, ""alpha_r"": 0.8, ""beta_a"": 0.3, ""beta_l"": 0.4, ""beta_r"": 0.5, ""cloud_count"": 1, ""crossover_probability"": 0.5, ""dnn_count"": 30, ""edge_count"": 10, ""edge_link_factor"": 2.0, ""iteration_limit"": 200, ""lambda_g"": 0.7, ""lambda_h"": 0.7, ""mutation_probability"": 0.25, ""name"": ""nsga_only"", ""population_size"": 60, ""preference"": ""adaptive"", ""suite"": ""ablation"", ""use_dag_aware_initialization"": false, ""use_dag_block_crossover"": false, ""use_elite_local_search"": false, ""use_skew_mutation"": false, ""user_count"": null}",507.1958676559546,0.14862083701431986,0.7369173174208576,6356.550750421754,0,76473
