overall:dnn_5:288cc0c63f:random:repeat_0:seed_20260613,overall,dnn_5,random,0,20260613,"{""alpha_a"": 0.5, ""alpha_l"": 0.7, ""alpha_r"": 0.8, ""beta_a"": 0.3, ""beta_l"": 0.4, ""beta_r"": 0.5, ""crossover_probability"": 0.5, ""dnn_count"": 5, ""iteration_limit"": 120, ""lambda_g"": 0.7, ""lambda_h"": 0.7, ""mutation_probability"": 0.1, ""name"": ""dnn_5"", ""population_size"": 60, ""suite"": ""overall""}",1177.204822055585,0.13678194503861146,0.906570772759351,16123.90443978348,0,9
overall:dnn_5:288cc0c63f:maxresource:repeat_0:seed_20260613,overall,dnn_5,maxresource,0,20260613,"{""alpha_a"": 0.5, ""alpha_l"": 0.7, ""alpha_r"": 0.8, ""beta_a"": 0.3, ""beta_l"": 0.4, ""beta_r"": 0.5, ""crossover_probability"": 0.5, ""dnn_count"": 5, ""iteration_limit"": 120, ""lambda_g"": 0.7, ""lambda_h"": 0.7, ""mutation_probability"": 0.1, ""name"": ""dnn_5"", ""population_size"": 60, ""suite"": ""overall""}",832.7928977698162,0.4593654516340814,0.9899999894014677,6364.163530942546,0,3
overall:dnn_5:288cc0c63f:localfirst:repeat_0:seed_20260613,overall,dnn_5,localfirst,0,20260613,"{""alpha_a"": 0.5, ""alpha_l"": 0.7, ""alpha_r"": 0.8, ""beta_a"": 0.3, ""beta_l"": 0.4, ""beta_r"": 0.5, ""crossover_probability"": 0.5, ""dnn_count"": 5, ""iteration_limit"": 120, ""lambda_g"": 0.7, ""lambda_h"": 0.7, ""mutation_probability"": 0.1, ""name"": ""dnn_5"", ""population_size"": 60, ""suite"": ""overall""}",985.1220192332114,0.7387451741974721,0.91624402796501,9285.007313893762,0,20017
overall:dnn_5:288cc0c63f:proposed:repeat_0:seed_20260613,overall,dnn_5,proposed,0,20260613,"{""alpha_a"": 0.5, ""alpha_l"": 0.7, ""alpha_r"": 0.8, ""beta_a"": 0.3, ""beta_l"": 0.4, ""beta_r"": 0.5, ""crossover_probability"": 0.5, ""dnn_count"": 5, ""iteration_limit"": 120, ""lambda_g"": 0.7, ""lambda_h"": 0.7, ""mutation_probability"": 0.1, ""name"": ""dnn_5"", ""population_size"": 60, ""suite"": ""overall""}",518.4126928965302,0.6570213559999284,0.9694337903281969,7604.4989759004,0,10827
overall:dnn_5:288cc0c63f:customized:repeat_0:seed_20260613,overall,dnn_5,customized,0,20260613,"{""alpha_a"": 0.5, ""alpha_l"": 0.7, ""alpha_r"": 0.8, ""beta_a"": 0.3, ""beta_l"": 0.4, ""beta_r"": 0.5, ""crossover_probability"": 0.5, ""dnn_count"": 5, ""iteration_limit"": 120, ""lambda_g"": 0.7, ""lambda_h"": 0.7, ""mutation_probability"": 0.1, ""name"": ""dnn_5"", ""population_size"": 60, ""suite"": ""overall""}",484.2030086914421,0.7906537988182294,0.9752375246776296,7473.333894855508,0,5658
overall:dnn_10:2fa81a6625:random:repeat_0:seed_20260613,overall,dnn_10,random,0,20260613,"{""alpha_a"": 0.5, ""alpha_l"": 0.7, ""alpha_r"": 0.8, ""beta_a"": 0.3, ""beta_l"": 0.4, ""beta_r"": 0.5, ""crossover_probability"": 0.5, ""dnn_count"": 10, ""iteration_limit"": 120, ""lambda_g"": 0.7, ""lambda_h"": 0.7, ""mutation_probability"": 0.1, ""name"": ""dnn_10"", ""population_size"": 60, ""suite"": ""overall""}",1067.3239764703444,0.08725473751605436,0.810116564001692,14776.357133147492,0,26
overall:dnn_10:2fa81a6625:maxresource:repeat_0:seed_20260613,overall,dnn_10,maxresource,0,20260613,"{""alpha_a"": 0.5, ""alpha_l"": 0.7, ""alpha_r"": 0.8, ""beta_a"": 0.3, ""beta_l"": 0.4, ""beta_r"": 0.5, ""crossover_probability"": 0.5, ""dnn_count"": 10, ""iteration_limit"": 120, ""lambda_g"": 0.7, ""lambda_h"": 0.7, ""mutation_probability"": 0.1, ""name"": ""dnn_10"", ""population_size"": 60, ""suite"": ""overall""}",828.764009733762,0.39112653418587934,0.9872999891959722,6540.41240053162,0,10006
overall:dnn_10:2fa81a6625:localfirst:repeat_0:seed_20260613,overall,dnn_10,localfirst,0,20260613,"{""alpha_a"": 0.5, ""alpha_l"": 0.7, ""alpha_r"": 0.8, ""beta_a"": 0.3, ""beta_l"": 0.4, ""beta_r"": 0.5, ""crossover_probability"": 0.5, ""dnn_count"": 10, ""iteration_limit"": 120, ""lambda_g"": 0.7, ""lambda_h"": 0.7, ""mutation_probability"": 0.1, ""name"": ""dnn_10"", ""population_size"": 60, ""suite"": ""overall""}",848.0606476122397,0.5972957846561487,0.8633048602551451,8012.974141117025,0,40030
overall:dnn_10:2fa81a6625:proposed:repeat_0:seed_20260613,overall,dnn_10,proposed,0,20260613,"{""alpha_a"": 0.5, ""alpha_l"": 0.7, ""alpha_r"": 0.8, ""beta_a"": 0.3, ""beta_l"": 0.4, ""beta_r"": 0.5, ""crossover_probability"": 0.5, ""dnn_count"": 10, ""iteration_limit"": 120, ""lambda_g"": 0.7, ""lambda_h"": 0.7, ""mutation_probability"": 0.1, ""name"": ""dnn_10"", ""population_size"": 60, ""suite"": ""overall""}",591.1353078262616,0.48696424921255865,0.9705783543565764,7071.700379303436,0,20438
overall:dnn_10:2fa81a6625:customized:repeat_0:seed_20260613,overall,dnn_10,customized,0,20260613,"{""alpha_a"": 0.5, ""alpha_l"": 0.7, ""alpha_r"": 0.8, ""beta_a"": 0.3, ""beta_l"": 0.4, ""beta_r"": 0.5, ""crossover_probability"": 0.5, ""dnn_count"": 10, ""iteration_limit"": 120, ""lambda_g"": 0.7, ""lambda_h"": 0.7, ""mutation_probability"": 0.1, ""name"": ""dnn_10"", ""population_size"": 60, ""suite"": ""overall""}",541.096813523821,0.6274840495121783,0.958608874928873,6818.773898839746,3,8026
overall:dnn_20:91530309dc:random:repeat_0:seed_20260613,overall,dnn_20,random,0,20260613,"{""alpha_a"": 0.5, ""alpha_l"": 0.7, ""alpha_r"": 0.8, ""beta_a"": 0.3, ""beta_l"": 0.4, ""beta_r"": 0.5, ""crossover_probability"": 0.5, ""dnn_count"": 20, ""iteration_limit"": 120, ""lambda_g"": 0.7, ""lambda_h"": 0.7, ""mutation_probability"": 0.1, ""name"": ""dnn_20"", ""population_size"": 60, ""suite"": ""overall""}",980.5265906229172,0.0498477749957681,0.7045920503660826,15192.01507059397,0,45
overall:dnn_20:91530309dc:maxresource:repeat_0:seed_20260613,overall,dnn_20,maxresource,0,20260613,"{""alpha_a"": 0.5, ""alpha_l"": 0.7, ""alpha_r"": 0.8, ""beta_a"": 0.3, ""beta_l"": 0.4, ""beta_r"": 0.5, ""crossover_probability"": 0.5, ""dnn_count"": 20, ""iteration_limit"": 120, ""lambda_g"": 0.7, ""lambda_h"": 0.7, ""mutation_probability"": 0.1, ""name"": ""dnn_20"", ""population_size"": 60, ""suite"": ""overall""}",835.3773636441892,0.28302859320081797,0.9744250751232892,7033.59875329442,0,30012
overall:dnn_20:91530309dc:localfirst:repeat_0:seed_20260613,overall,dnn_20,localfirst,0,20260613,"{""alpha_a"": 0.5, ""alpha_l"": 0.7, ""alpha_r"": 0.8, ""beta_a"": 0.3, ""beta_l"": 0.4, ""beta_r"": 0.5, ""crossover_probability"": 0.5, ""dnn_count"": 20, ""iteration_limit"": 120, ""lambda_g"": 0.7, ""lambda_h"": 0.7, ""mutation_probability"": 0.1, ""name"": ""dnn_20"", ""population_size"": 60, ""suite"": ""overall""}",777.3529051208782,0.500040100298825,0.8265921810844228,8526.57785909631,0,40296
overall:dnn_20:91530309dc:proposed:repeat_0:seed_20260613,overall,dnn_20,proposed,0,20260613,"{""alpha_a"": 0.5, ""alpha_l"": 0.7, ""alpha_r"": 0.8, ""beta_a"": 0.3, ""beta_l"": 0.4, ""beta_r"": 0.5, ""crossover_probability"": 0.5, ""dnn_count"": 20, ""iteration_limit"": 120, ""lambda_g"": 0.7, ""lambda_h"": 0.7, ""mutation_probability"": 0.1, ""name"": ""dnn_20"", ""population_size"": 60, ""suite"": ""overall""}",558.9652349183698,0.46444897210168223,0.9523879422580709,7365.752626356378,0,45178
overall:dnn_20:91530309dc:customized:repeat_0:seed_20260613,overall,dnn_20,customized,0,20260613,"{""alpha_a"": 0.5, ""alpha_l"": 0.7, ""alpha_r"": 0.8, ""beta_a"": 0.3, ""beta_l"": 0.4, ""beta_r"": 0.5, ""crossover_probability"": 0.5, ""dnn_count"": 20, ""iteration_limit"": 120, ""lambda_g"": 0.7, ""lambda_h"": 0.7, ""mutation_probability"": 0.1, ""name"": ""dnn_20"", ""population_size"": 60, ""suite"": ""overall""}",524.7765602109781,0.39712488673754964,0.9503716405374595,7989.51238360209,2,24190
overall:dnn_30:caf88f1875:random:repeat_0:seed_20260613,overall,dnn_30,random,0,20260613,"{""alpha_a"": 0.5, ""alpha_l"": 0.7, ""alpha_r"": 0.8, ""beta_a"": 0.3, ""beta_l"": 0.4, ""beta_r"": 0.5, ""crossover_probability"": 0.5, ""dnn_count"": 30, ""iteration_limit"": 120, ""lambda_g"": 0.7, ""lambda_h"": 0.7, ""mutation_probability"": 0.1, ""name"": ""dnn_30"", ""population_size"": 60, ""suite"": ""overall""}",1050.690095920397,0.026422685974559428,0.6578710017399174,15655.08637326699,0,495
overall:dnn_30:caf88f1875:maxresource:repeat_0:seed_20260613,overall,dnn_30,maxresource,0,20260613,"{""alpha_a"": 0.5, ""alpha_l"": 0.7, ""alpha_r"": 0.8, ""beta_a"": 0.3, ""beta_l"": 0.4, ""beta_r"": 0.5, ""crossover_probability"": 0.5, ""dnn_count"": 30, ""iteration_limit"": 120, ""lambda_g"": 0.7, ""lambda_h"": 0.7, ""mutation_probability"": 0.1, ""name"": ""dnn_30"", ""population_size"": 60, ""suite"": ""overall""}",838.2562278921401,0.24499404215649898,0.9721561883445903,7362.435036814027,0,50024
overall:dnn_30:caf88f1875:localfirst:repeat_0:seed_20260613,overall,dnn_30,localfirst,0,20260613,"{""alpha_a"": 0.5, ""alpha_l"": 0.7, ""alpha_r"": 0.8, ""beta_a"": 0.3, ""beta_l"": 0.4, ""beta_r"": 0.5, ""crossover_probability"": 0.5, ""dnn_count"": 30, ""iteration_limit"": 120, ""lambda_g"": 0.7, ""lambda_h"": 0.7, ""mutation_probability"": 0.1, ""name"": ""dnn_30"", ""population_size"": 60, ""suite"": ""overall""}",827.8762988591228,0.44231660831015346,0.8172663480140663,8780.78425111097,0,40314
overall:dnn_30:caf88f1875:proposed:repeat_0:seed_20260613,overall,dnn_30,proposed,0,20260613,"{""alpha_a"": 0.5, ""alpha_l"": 0.7, ""alpha_r"": 0.8, ""beta_a"": 0.3, ""beta_l"": 0.4, ""beta_r"": 0.5, ""crossover_probability"": 0.5, ""dnn_count"": 30, ""iteration_limit"": 120, ""lambda_g"": 0.7, ""lambda_h"": 0.7, ""mutation_probability"": 0.1, ""name"": ""dnn_30"", ""population_size"": 60, ""suite"": ""overall""}",554.175522230093,0.45623101663494897,0.9445077792347523,7480.692567838163,0,73608
overall:dnn_30:caf88f1875:customized:repeat_0:seed_20260613,overall,dnn_30,customized,0,20260613,"{""alpha_a"": 0.5, ""alpha_l"": 0.7, ""alpha_r"": 0.8, ""beta_a"": 0.3, ""beta_l"": 0.4, ""beta_r"": 0.5, ""crossover_probability"": 0.5, ""dnn_count"": 30, ""iteration_limit"": 120, ""lambda_g"": 0.7, ""lambda_h"": 0.7, ""mutation_probability"": 0.1, ""name"": ""dnn_30"", ""population_size"": 60, ""suite"": ""overall""}",584.458476868409,0.4493222001175469,0.9576841036413263,7370.588700359903,2,43428
overall:dnn_40:c94a7bc81c:random:repeat_0:seed_20260613,overall,dnn_40,random,0,20260613,"{""alpha_a"": 0.5, ""alpha_l"": 0.7, ""alpha_r"": 0.8, ""beta_a"": 0.3, ""beta_l"": 0.4, ""beta_r"": 0.5, ""crossover_probability"": 0.5, ""dnn_count"": 40, ""iteration_limit"": 120, ""lambda_g"": 0.7, ""lambda_h"": 0.7, ""mutation_probability"": 0.1, ""name"": ""dnn_40"", ""population_size"": 60, ""suite"": ""overall""}",982.7241314917035,0.018740092718831373,0.6376284279123144,15098.014941020429,0,447
overall:dnn_40:c94a7bc81c:maxresource:repeat_0:seed_20260613,overall,dnn_40,maxresource,0,20260613,"{""alpha_a"": 0.5, ""alpha_l"": 0.7, ""alpha_r"": 0.8, ""beta_a"": 0.3, ""beta_l"": 0.4, ""beta_r"": 0.5, ""crossover_probability"": 0.5, ""dnn_count"": 40, ""iteration_limit"": 120, ""lambda_g"": 0.7, ""lambda_h"": 0.7, ""mutation_probability"": 0.1, ""name"": ""dnn_40"", ""population_size"": 60, ""suite"": ""overall""}",847.796102874228,0.2212942387327376,0.9727389423320195,6971.298351273008,1,80028
overall:dnn_40:c94a7bc81c:localfirst:repeat_0:seed_20260613,overall,dnn_40,localfirst,0,20260613,"{""alpha_a"": 0.5, ""alpha_l"": 0.7, ""alpha_r"": 0.8, ""beta_a"": 0.3, ""beta_l"": 0.4, ""beta_r"": 0.5, ""crossover_probability"": 0.5, ""dnn_count"": 40, ""iteration_limit"": 120, ""lambda_g"": 0.7, ""lambda_h"": 0.7, ""mutation_probability"": 0.1, ""name"": ""dnn_40"", ""population_size"": 60, ""suite"": ""overall""}",811.4510013221317,0.44318422709803906,0.8125509345147698,8342.66178516306,0,40806
overall:dnn_40:c94a7bc81c:proposed:repeat_0:seed_20260613,overall,dnn_40,proposed,0,20260613,"{""alpha_a"": 0.5, ""alpha_l"": 0.7, ""alpha_r"": 0.8, ""beta_a"": 0.3, ""beta_l"": 0.4, ""beta_r"": 0.5, ""crossover_probability"": 0.5, ""dnn_count"": 40, ""iteration_limit"": 120, ""lambda_g"": 0.7, ""lambda_h"": 0.7, ""mutation_probability"": 0.1, ""name"": ""dnn_40"", ""population_size"": 60, ""suite"": ""overall""}",597.4423995488827,0.3766459036219008,0.9375616331865398,7510.810971782696,0,101622
overall:dnn_40:c94a7bc81c:customized:repeat_0:seed_20260613,overall,dnn_40,customized,0,20260613,"{""alpha_a"": 0.5, ""alpha_l"": 0.7, ""alpha_r"": 0.8, ""beta_a"": 0.3, ""beta_l"": 0.4, ""beta_r"": 0.5, ""crossover_probability"": 0.5, ""dnn_count"": 40, ""iteration_limit"": 120, ""lambda_g"": 0.7, ""lambda_h"": 0.7, ""mutation_probability"": 0.1, ""name"": ""dnn_40"", ""population_size"": 60, ""suite"": ""overall""}",550.2755523760161,0.4895364127800531,0.9539509977454076,6797.385727986605,1,64497
